Study Hours,Sleep Hours,Mock Tests,Score
7,9,1,94
4,4,2,69
8,7,2,84
5,5,2,82
7,8,5,89
3,9,6,97
7,5,6,88
8,4,6,100
5,8,2,66
4,4,0,61
8,4,5,95
8,6,2,97
3,9,2,66
6,4,2,72
5,7,8,97
2,4,3,48
8,8,4,87
6,7,2,73
2,4,9,84
5,7,0,73
1,4,3,44
6,9,0,76
9,7,6,100
1,5,6,75
3,6,3,69
7,7,4,88
4,8,9,89
9,6,6,100
3,6,5,62
5,4,3,74
3,7,3,65
7,9,1,79
5,6,9,100
9,8,1,84
7,9,3,93
2,9,4,84
4,8,3,86
9,8,2,96
2,4,1,43
9,5,3,100
5,7,4,78
2,6,0,49
4,7,0,60
7,9,5,81
8,6,4,100
3,4,3,37
1,7,0,52
4,4,6,63
2,4,3,45
8,7,2,85
4,7,6,91
2,6,1,52
6,9,9,89
6,9,0,74
4,8,3,91
6,4,7,90
2,9,5,70
2,5,8,84
4,6,0,56
8,6,0,82
7,8,4,81
9,8,5,85
8,4,7,100
5,6,2,82
2,6,5,69
5,5,2,84
8,4,7,86
9,4,3,100
9,9,1,85
1,8,8,89
9,9,9,100
7,4,7,90
9,5,5,93
8,4,2,75
1,9,1,55
8,7,3,97
8,7,3,86
3,5,0,50
1,8,8,84
8,6,9,100
3,4,7,59
3,9,6,94
1,8,5,65
5,9,2,93
7,8,3,100
9,4,1,100
7,6,6,83
9,4,1,70
8,6,9,100
2,9,0,57
1,5,5,51
7,6,3,67
7,8,7,100
8,5,0,70
5,9,8,100
3,7,5,71
8,5,1,92
6,6,7,93
3,5,4,75
1,9,4,78
3,5,4,74
5,9,6,80
3,7,6,67
1,6,9,82
5,8,6,96
7,5,9,100
7,4,1,82
9,8,7,100
3,5,0,76
7,8,1,90
1,4,6,54
4,8,3,80
4,8,9,100
5,4,9,97
7,4,8,80
7,4,8,100
4,7,2,60
7,9,2,100
3,9,8,76
6,4,9,79
2,9,7,86
9,8,0,94
5,4,5,75
6,5,6,91
4,4,7,83
7,4,1,66
9,9,0,100
7,6,3,99
1,8,0,64
1,9,1,49
9,8,2,96
9,5,3,100
4,7,5,76
9,6,7,100
3,5,8,80
7,5,3,89
6,8,0,84
8,6,4,97
9,8,4,100
5,7,8,92
1,8,5,65
3,4,4,66
8,8,9,100
6,4,9,93
8,5,4,93
9,7,7,100
4,9,0,56
1,4,4,52
1,7,0,46
4,8,6,88
7,9,6,100
2,8,9,93
3,5,7,77
1,8,6,70
5,4,8,76
1,5,7,63
8,7,7,87
1,5,2,40
1,7,9,87
2,6,3,67
2,4,3,61
6,4,0,64
7,7,5,95
5,8,1,89
1,9,8,80
1,8,0,47
3,6,0,42
2,7,9,86
5,6,5,64
6,7,0,66
7,6,2,80
4,7,9,92
7,4,1,49
8,6,8,100
1,6,4,64
6,7,5,98
8,5,1,88
5,5,7,77
4,4,5,84
2,8,7,77
6,8,7,100
6,4,0,68
1,8,6,69
9,9,1,88
6,9,7,100
3,9,1,82
4,9,3,71
4,7,1,66
3,5,6,60
3,4,4,77
3,7,8,73
4,9,4,87
7,4,7,100
4,5,1,60
9,8,2,94
1,7,5,71
8,5,6,100
7,4,9,93
2,6,7,80
8,7,2,86
1,4,6,70
9,4,7,100
9,5,9,100
2,4,5,54
7,7,3,89
3,9,5,79
7,7,8,100
9,4,2,73
4,5,1,64
1,7,4,55
2,6,6,82
1,9,2,55
5,8,4,91
5,5,3,83
7,5,6,88
9,8,1,86
9,8,6,93
3,7,1,56
3,4,2,57
3,4,4,72
4,6,6,99
8,9,5,100
6,4,6,82
8,6,5,100
1,6,0,52
8,5,4,100
4,5,0,68
1,9,6,73
8,7,3,84
4,8,4,60
6,8,0,72
8,9,7,100
4,6,3,88
3,9,2,68
9,8,0,90
3,6,3,70
9,8,2,92
2,7,7,78
2,5,8,80
2,5,4,80
6,6,8,100
3,9,0,83
9,8,6,100
4,4,6,82
1,7,5,73
4,8,3,75
1,4,8,78
5,7,2,87
4,7,0,66
8,5,1,76
8,6,2,100
7,8,1,69
3,7,5,71
1,8,6,61
1,7,4,63
3,9,4,81
6,5,6,100
7,6,5,100
6,4,7,100
6,4,8,91
6,9,1,91
3,5,1,44
6,7,0,63
8,5,6,100
2,6,3,52
5,4,8,83
1,8,5,77
1,4,6,76
5,6,6,78
3,7,7,76
4,5,3,51
3,4,2,68
1,4,2,67
1,8,9,79
5,5,7,83
6,8,2,79
3,8,7,60
9,7,1,74
5,4,4,73
8,9,4,100
1,5,6,72
5,7,4,83
3,9,8,74
1,7,2,64
4,7,8,89
5,6,0,66
7,6,2,84
1,7,3,53
3,6,5,64
2,5,9,76
9,4,7,94
6,9,6,100
3,5,7,88
8,4,5,94
8,6,5,100
2,9,5,81
6,5,2,71
7,8,9,100
2,7,3,81
2,4,5,66
1,4,6,50
8,8,2,86
1,8,3,48
9,7,5,100
6,6,0,67
7,5,6,98
7,5,0,87
3,5,9,99
2,6,8,62
9,7,9,100
8,5,8,100
7,4,8,95
9,4,3,85
4,4,1,59
4,8,6,87
1,8,3,73
8,6,4,87
3,5,0,44
7,8,9,80
2,4,5,63
2,8,6,58
7,4,2,72
6,5,9,92
3,6,1,41
9,7,9,100
6,7,6,100
6,4,0,66
1,8,1,61
4,8,2,76
6,4,3,69
6,5,4,100
5,4,3,63
1,5,9,71
8,6,2,75
5,6,0,45
5,4,6,74
7,6,9,100
4,8,5,96
6,5,1,69
4,7,1,59
3,7,2,81
7,6,7,100
8,5,7,96
4,8,9,100
2,7,9,96
3,8,9,98
1,8,9,72
8,7,7,96
3,7,6,81
7,6,1,74
5,5,0,88
5,4,5,83
7,5,7,100
9,4,0,83
5,7,2,72
1,8,0,52
1,5,9,70
2,8,8,84
6,5,6,76
9,9,7,100
8,5,8,96
5,8,2,89
1,9,9,77
7,6,1,65
5,7,5,73
6,6,4,87
7,6,3,70
3,5,5,76
3,7,5,65
5,9,2,80
6,5,1,78
9,4,8,88
5,5,7,80
1,9,3,56
4,8,5,84
5,5,2,74
5,4,7,94
7,5,2,76
4,9,1,66
1,4,6,61
5,7,2,69
7,9,8,100
6,5,2,67
5,4,7,73
4,9,1,92
2,7,8,89
4,8,0,69
3,6,2,55
1,4,1,48
8,8,6,100
5,7,4,66
4,8,7,72
8,5,1,75
7,6,7,90
2,4,6,73
1,9,4,52
4,7,1,69
8,6,9,100
2,7,6,82
3,8,9,91
1,7,3,77
1,7,3,50
3,8,7,69
5,8,5,88
3,6,8,80
1,4,1,55
1,8,4,42
8,6,5,100
2,7,7,74
3,7,3,68
2,9,6,77
3,5,6,85
7,8,3,87
1,6,0,38
8,9,2,94
2,6,1,36
3,4,2,59
9,9,4,100
7,6,0,74
4,8,4,73
5,6,1,60
2,5,3,62
8,7,5,96
4,7,8,100
9,9,9,100
5,6,5,62
9,6,9,100
4,6,1,60
5,6,7,81
9,5,4,100
8,8,8,100
3,5,9,85
1,5,8,55
3,5,3,63
4,7,0,58
2,5,8,84
1,6,8,59
7,5,7,94
8,6,4,87
7,9,4,84
5,8,9,88
1,7,5,71
7,8,0,95
7,9,8,100
9,8,4,100
3,7,6,86
9,6,7,100
1,9,4,68
1,9,2,91
4,6,5,79
9,6,6,100
6,7,3,100
3,5,8,78
1,4,3,32
4,5,9,96
9,5,1,83
3,8,8,90
9,4,3,100
7,6,3,78
4,5,9,88
3,7,0,61
5,5,1,54
5,6,2,83
3,5,6,67
9,9,8,100
4,8,4,91
5,8,3,89
4,5,1,58
5,8,6,81
7,7,5,82
9,4,6,98
7,5,7,95
5,7,8,77
7,9,9,100
5,7,4,77
3,7,4,73
7,9,3,100
2,6,2,63
9,5,6,89
1,5,4,50
6,5,6,88
7,4,1,75
8,7,8,100
9,5,8,100
2,8,8,76
2,6,4,81
5,9,9,100
5,9,8,100
6,4,0,65
3,9,1,63
8,6,9,100
1,7,4,61
6,9,4,95
4,9,5,90
1,8,7,76
7,7,0,80
9,5,9,100
4,6,8,92
4,9,3,79
6,8,7,83
3,6,4,73
6,4,0,58
7,8,8,98
3,4,7,67
7,9,4,92
3,8,3,64
2,5,7,76
4,6,8,95
8,6,6,100
9,7,3,93
7,8,6,98
1,8,5,81
3,4,2,68
9,8,9,100
1,6,2,37
9,8,0,87
8,7,4,86
1,7,7,77
6,6,5,90
5,6,7,88
6,6,6,81
5,8,1,71
6,8,7,100
5,5,3,73
5,9,4,100
4,9,7,86
3,4,4,75
3,8,4,71
4,5,5,67
9,5,6,93
2,7,8,68
9,8,6,100
1,5,5,49
1,7,9,70
5,4,3,52
6,7,9,100
6,4,1,65
3,9,8,84
7,9,9,100
9,6,4,100
8,6,4,95
6,7,2,94
8,6,2,97
5,8,0,75
8,7,4,100
4,5,2,55
8,8,1,97
2,7,8,85
5,9,9,90
9,4,5,78
4,6,2,57
6,6,6,86
1,6,8,58
9,7,8,100
1,8,0,46
5,4,1,61
4,6,7,95
3,8,0,58
6,5,2,68
2,9,6,83
3,5,7,63
5,4,4,92
9,6,1,82
2,5,2,67
8,9,8,100
2,8,9,100
5,8,6,81
7,5,0,63
8,6,2,85
1,9,8,71
6,4,6,81
1,6,1,62
2,7,5,74
1,5,8,59
5,7,3,72
9,5,9,99
6,4,1,70
1,6,2,66
1,9,6,48
2,6,3,74
9,5,6,100
3,8,4,75
1,7,7,58
5,9,7,96
7,9,4,78
6,6,6,95
1,6,5,53
5,5,7,88
5,8,8,90
6,7,4,90
3,8,6,95
5,9,0,85
7,8,7,75
5,5,2,70
5,8,0,60
5,7,5,73
3,9,7,84
1,4,2,48
5,9,0,69
9,4,2,86
1,7,4,73
3,9,7,76
4,9,8,78
1,9,8,77
1,9,3,59
8,5,7,88
2,6,4,67
8,9,2,97
7,5,4,85
2,7,1,72
6,9,5,95
6,8,0,71
3,9,5,68
2,9,4,69
1,4,8,66
6,8,6,100
5,9,5,95
9,9,6,100
1,9,9,87
7,5,4,90
5,7,0,66
5,4,8,68
2,9,4,69
3,7,3,84
7,4,5,96
6,4,4,77
2,4,0,45
6,9,1,86
2,5,3,62
2,9,7,81
2,9,4,68
3,7,6,73
2,6,1,45
4,6,7,94
9,6,4,100
6,7,3,82
1,8,8,64
8,7,5,100
7,4,3,82
3,9,7,72
1,8,2,60
5,4,9,87
4,9,1,65
8,9,6,100
1,4,3,51
1,7,3,51
4,6,9,98
8,8,8,100
5,9,1,75
2,5,0,50
6,9,6,100
5,6,7,83
2,9,2,60
3,5,1,67
9,7,3,90
7,9,1,83
7,8,1,86
6,7,4,66
8,5,9,100
4,4,4,63
8,9,7,100
4,7,8,91
8,9,1,83
9,8,0,90
3,9,2,63
3,7,5,83
2,6,4,72
3,7,7,86
3,5,7,80
5,7,1,91
5,8,8,100
2,7,3,65
6,7,0,69
5,8,1,79
6,7,5,77
1,8,4,65
5,5,6,73
9,8,8,100
2,5,5,74
1,5,5,54
9,8,1,97
9,7,6,100
9,9,1,85
6,6,6,79
8,9,7,86
1,8,0,47
4,7,8,84
1,5,7,76
8,4,8,100
1,6,4,55
3,9,3,75
4,7,0,86
8,6,8,100
6,4,3,79
7,4,3,84
8,4,3,87
2,9,1,62
8,8,3,100
3,6,1,65
7,8,7,91
3,4,6,87
7,7,9,100
2,4,1,51
6,8,1,96
3,4,1,51
3,4,0,52
9,8,5,98
7,8,5,76
5,7,0,74
7,8,0,86
9,7,5,100
1,5,5,71
7,5,3,80
6,8,2,88
9,4,8,100
1,6,5,67
4,4,0,68
9,8,2,94
4,7,0,60
3,4,2,63
9,5,1,95
2,9,4,71
4,8,2,50
6,4,6,72
2,9,7,77
8,4,6,92
8,7,1,78
1,7,9,62
3,7,9,74
9,9,6,100
5,6,9,100
6,9,2,87
4,8,6,88
2,8,0,49
8,5,1,75
6,5,9,97
5,8,0,68
9,4,8,100
1,8,1,60
5,6,1,71
6,5,5,99
5,5,6,81
6,9,1,78
6,5,3,91
7,8,2,93
4,5,4,94
8,5,8,100
7,9,1,82
9,8,4,100
7,4,7,93
3,5,5,53
3,5,3,75
8,5,9,95
5,6,7,85
4,8,2,51
8,5,3,98
6,6,8,100
2,4,4,71
4,4,5,68
4,9,1,67
6,9,8,100
6,9,7,84
1,6,6,67
8,4,8,83
6,9,4,79
3,7,4,84
9,9,8,100
2,4,4,63
8,7,8,100
3,6,0,67
5,7,9,83
6,4,9,80
6,5,7,100
4,7,2,69
3,4,7,88
4,9,4,73
1,5,1,44
4,6,8,70
1,6,3,73
1,8,6,80
6,6,7,95
5,8,6,85
4,6,5,80
3,6,6,79
1,6,3,44
6,8,9,100
2,9,0,70
8,8,4,86
5,7,7,81
7,4,9,96
2,4,5,60
8,9,4,94
2,4,1,41
4,6,9,82
1,9,4,77
5,4,9,88
9,8,2,100
1,7,1,49
9,5,2,81
8,7,3,88
6,4,1,77
7,9,3,92
3,4,3,73
1,8,5,70
5,7,4,71
2,8,6,97
5,8,6,89
8,5,2,85
9,8,8,100
2,8,6,87
3,5,6,63
3,6,1,57
1,6,9,90
8,9,2,81
6,5,2,79
8,9,5,100
9,9,3,81
5,8,3,78
3,9,0,74
5,4,5,65
5,7,7,91
5,4,7,88
3,4,7,64
4,8,4,64
9,7,9,100
9,9,5,100
2,7,4,76
8,9,3,86
8,6,3,99
7,5,3,80
8,8,3,100
3,9,5,99
6,9,5,78
1,7,4,55
7,8,8,100
1,9,7,84
9,6,9,100
1,4,5,68
1,9,8,75
7,7,4,97
2,6,9,73
5,8,3,78
8,9,5,100
8,6,3,95
3,6,7,75
7,6,6,91
3,6,4,40
6,6,9,95
6,6,5,89
3,5,6,78
7,8,1,92
3,4,8,65
8,8,6,86
4,7,7,89
1,7,4,66
4,8,2,67
7,6,1,79
4,5,1,65
6,4,2,65
9,9,0,92
1,9,0,63
5,6,6,86
7,8,9,93
1,9,7,77
4,8,5,64
6,5,6,84
2,5,0,42
5,8,0,58
1,6,8,80
6,6,4,100
6,6,6,93
4,9,5,81
8,4,3,94
4,4,0,47
8,6,3,68
8,8,9,100
5,5,9,95
4,7,7,99
2,5,0,63
3,5,1,70
3,7,7,75
4,6,1,63
4,5,9,89
5,7,8,100
4,9,2,71
8,8,2,92
6,8,5,72
6,8,2,87
8,6,8,100
7,5,7,100
8,5,3,81
2,4,5,77
9,8,7,100
1,6,3,63
8,7,4,91
4,6,6,81
4,5,7,90
5,8,6,93
8,4,7,100
5,9,3,80
8,6,0,78
1,4,5,61
9,5,4,92
6,7,3,83
3,6,1,65
8,9,0,73
9,5,8,100
6,8,1,94
7,6,8,100
1,4,5,66
5,6,5,92
5,5,1,89
4,5,5,92
6,4,2,60
7,9,6,82
9,5,9,98
1,6,3,46
6,9,8,80
7,4,4,100
3,5,9,88
8,5,2,85
5,6,0,61
9,5,0,92
5,6,3,68
9,8,9,100
4,9,9,79
9,6,3,88
5,7,8,100
9,5,7,100
3,8,3,86
4,9,5,100
9,4,6,100
6,7,9,100
2,4,7,64
7,7,3,87
2,8,0,57
2,9,4,60
1,8,0,29
3,8,3,81
6,7,6,95
8,6,6,100
9,9,0,83
7,4,8,99
4,6,1,68
6,6,4,87
5,5,5,78
8,4,0,78
1,7,1,65
1,5,6,64
6,5,5,92
2,8,5,55
5,7,5,98
1,6,6,70
7,9,9,93
1,6,8,67
4,6,8,97
9,8,1,98
1,6,1,52
4,4,4,68
6,6,9,100
6,6,6,97
8,4,2,70
1,8,2,70
7,5,3,89
1,7,2,44
7,8,2,81
3,6,7,75
8,5,6,100
3,7,6,69
1,7,9,67
8,7,1,77
3,4,8,76
2,4,5,82
1,5,2,36
3,6,8,95
2,5,8,59
2,6,5,66
6,8,9,100
1,7,5,67
2,7,7,71
6,4,7,82
3,8,5,67
4,9,6,82
1,8,3,50
8,6,0,82
7,8,3,78
7,4,7,100
3,6,7,97
3,5,1,67
2,6,6,65
1,5,0,57
7,9,1,93
7,6,7,95
2,7,9,82
7,9,3,100
8,5,2,82
1,4,1,43
9,9,5,100
7,9,3,100
3,9,2,66
8,5,2,83
7,5,9,100
8,6,2,87
6,7,7,93
9,9,8,99
5,6,8,92
3,6,4,67
3,7,0,62
1,6,9,79
8,7,4,88
2,4,0,40
3,7,8,96
8,8,9,100
8,7,7,100
4,7,6,81
4,8,1,79
5,7,1,84
6,5,3,81
5,6,8,86
7,6,8,91
2,4,7,65
7,4,4,84
7,8,6,100
1,5,8,62
7,4,2,98
5,6,3,70
3,4,1,64
3,4,8,88
4,7,6,84
2,4,5,64
2,8,4,72
1,6,6,55
5,8,2,82
4,8,4,73
2,9,1,52
3,5,4,70
7,9,6,100
7,9,9,100
4,7,6,93
5,8,8,94
5,5,2,69
6,6,7,83
9,6,4,87
2,5,6,73
5,8,0,70
3,8,0,69
4,7,3,65
6,7,4,99
8,9,9,100
1,6,2,58
8,7,5,100
7,5,2,86
1,6,4,57
2,8,0,62
3,6,2,53
1,4,6,58
9,6,2,99
8,7,4,100
2,5,6,63
9,8,1,100
7,8,2,99
9,7,3,100
6,7,4,92
6,7,8,89
4,4,8,94
2,5,3,53
7,4,8,100
5,7,3,81
6,5,1,80
2,7,9,92
5,5,0,75
4,8,6,83
9,4,3,100
6,9,7,96
2,7,7,63
1,7,7,63
5,6,5,86
9,9,8,100
6,8,3,88
7,7,4,100
5,4,3,79
6,8,4,85
5,7,1,76
9,4,4,100
6,6,9,100
8,6,7,89
2,4,8,85
9,8,6,100
5,4,6,81
7,9,5,91
1,4,1,49
5,6,9,100
2,6,9,66
6,6,8,100
1,9,4,81
3,7,5,70
5,9,0,78
4,7,4,71
3,9,5,87
5,5,9,100
8,7,1,92
4,8,6,81
1,8,3,52
7,6,4,63
8,9,2,87
3,4,4,51
6,6,3,94
2,4,9,77
7,9,5,86
8,6,1,84
6,6,2,76
6,8,9,100
5,4,0,65
8,5,6,92
1,5,8,74
4,6,1,52
4,9,6,71
3,6,2,46
3,8,4,73
4,4,5,84
1,6,7,55
2,9,3,53
9,5,1,87
2,4,2,65
5,6,7,90
9,4,6,100
9,8,5,100
8,5,4,99
1,9,4,91
1,4,0,48
9,5,5,100
8,6,8,100
9,9,7,100
7,9,9,100
3,7,0,47
3,4,5,70
2,5,2,39
5,4,5,91
3,6,8,77
6,6,5,84
2,9,7,72
3,9,5,75
5,5,5,90
1,8,6,68
1,4,9,62
9,4,3,83
7,6,7,98
1,4,3,44
8,5,6,100
3,7,0,63
8,9,8,100
5,6,9,97
1,9,8,67
7,9,6,100
5,9,7,94
6,7,1,71
6,4,9,94
8,8,9,100
9,9,6,100
2,5,0,41
9,9,2,100
9,9,5,96
7,4,4,72
1,5,4,46
7,4,8,92
5,9,5,69
6,4,2,80
7,4,1,57
5,6,8,85
7,7,9,98
9,8,3,100
3,7,4,77
8,7,8,100
2,5,4,56
7,6,6,100
2,6,1,43
4,4,1,73
7,7,3,73
3,8,7,77
2,5,1,55
7,6,9,91
1,4,6,63
8,8,0,70
3,7,8,82
2,8,9,100
3,6,5,65
5,5,0,78
8,7,9,100
7,5,5,84
7,9,4,100
7,8,4,100
8,8,4,85
1,4,3,56
4,7,6,85
6,8,8,100
9,6,3,100
2,9,1,52
1,6,1,54
2,5,1,55
7,9,6,100
3,9,3,73
2,6,3,68
7,8,0,89
2,6,3,60
3,7,5,81
7,5,1,66
4,9,3,83
1,7,6,52
5,8,8,100
9,8,1,97
8,6,7,100
9,4,5,100
9,9,7,100
7,9,1,77
4,4,0,47
5,8,6,90
1,8,8,78
1,9,8,66
3,5,1,67
8,9,3,100
2,8,0,63
4,8,6,87
2,5,1,64
5,7,3,88
9,7,1,93
1,5,0,42
5,5,6,78
9,7,5,100
1,7,1,50
9,7,3,100
8,7,2,82
4,9,2,63
5,9,2,88
5,6,3,78
6,5,0,65
7,4,0,76
8,6,6,100
8,4,4,100
2,4,2,58
9,8,8,100
7,5,4,91
4,9,9,92
4,6,2,58
8,5,8,100
4,7,0,51
6,5,8,100
5,4,4,88
3,9,5,91
2,7,1,47
9,5,7,100
9,5,2,92
1,9,0,73
3,4,6,64
8,7,2,95
6,4,3,83
5,9,4,80
5,5,0,69
6,6,8,92
7,6,6,100
1,8,1,50
9,6,0,72
3,9,1,71
4,9,2,85
1,9,2,33
3,7,7,63
2,8,4,58
2,7,8,76
1,6,2,61
8,6,5,99
3,5,3,71
3,7,7,51
6,4,0,66
8,5,3,100
9,7,6,93
9,9,8,97
4,8,0,68
5,7,7,86
2,8,1,61
9,8,3,100
8,6,3,99
3,4,7,82
9,7,1,100
3,4,6,58
9,8,2,100
2,6,8,80
9,4,4,87
8,5,7,93
9,8,4,100
5,5,0,64
2,9,8,73
8,4,9,98
6,4,6,100
8,4,3,100
5,9,6,87
2,7,4,78
6,8,9,100
5,8,8,90
5,8,1,83
1,7,3,51
2,4,5,78
8,4,4,88
3,9,0,51
3,5,8,83
8,7,8,100
8,6,2,95
2,7,3,66
8,9,3,90
1,5,9,64
6,5,7,94
8,5,5,90
3,4,1,47
8,6,3,99
1,5,0,28
9,8,2,100
9,4,3,94
5,6,7,78
4,8,2,77
6,6,4,88
7,9,0,78
5,6,3,78
9,8,1,100
3,7,3,53
7,6,4,91
5,7,2,84
7,6,5,74
2,9,1,49
4,8,4,74
2,6,3,68
7,5,4,94
2,9,8,91
1,5,5,58
9,9,6,94
1,9,7,71
8,6,8,100
2,8,4,68
8,8,7,100
3,4,1,62
6,8,9,100
3,7,8,76
7,6,1,94
9,5,4,93
2,8,5,74
5,5,3,71
6,4,7,93
4,6,9,91
4,8,2,61
4,5,4,77
2,9,1,37
4,8,2,68
1,4,7,70
6,9,4,99
1,5,2,44
6,5,4,92
1,6,8,74
6,6,2,76
8,5,9,92
2,9,6,61
2,6,7,80
4,5,4,74
3,9,2,70
4,7,5,75
7,8,2,80
1,7,8,76
6,7,1,84
3,8,2,57
7,5,6,94
2,5,9,77
2,6,7,77
4,4,4,78
1,5,4,56
3,8,4,71
9,4,3,90
7,8,8,85
7,8,5,100
4,8,7,79
2,4,7,80
4,7,4,85
6,9,8,89
3,8,1,70
1,6,7,58
8,5,2,75
5,9,6,81
5,5,8,91
4,5,4,93
6,4,7,77
3,6,3,76
9,6,0,88
5,9,0,69
3,6,5,67
1,6,7,58
6,6,9,97
2,9,1,55
3,7,3,78
1,6,2,58
9,6,8,100
8,4,2,98
2,4,7,70
8,6,6,100
9,7,0,92
1,6,7,74
5,6,8,92
8,6,7,99
2,8,9,76
4,7,9,79
7,5,0,77
3,6,6,88
5,5,8,63
8,7,4,83
3,6,1,73
4,5,7,76
9,9,8,100
7,5,6,92
1,7,4,68
4,6,7,88
4,8,5,100
9,7,3,100
6,8,0,74
9,6,5,82
6,5,7,100
6,9,2,78
5,9,6,81
5,7,6,87
2,7,8,75
8,7,0,81
8,4,4,96
1,9,7,79
8,9,2,100
5,6,4,78
2,4,0,60
2,7,8,100
6,7,3,100
9,8,4,100
1,4,2,65
6,5,1,83
9,9,6,100
8,6,4,97
6,5,9,100
3,5,2,51
8,6,1,83
9,7,9,100
1,9,5,46
9,8,9,100
6,7,5,96
6,7,2,93
4,4,8,75
1,5,0,44
8,5,2,97
2,9,0,73
1,5,6,73
2,8,1,62
1,8,3,56
1,8,3,60
9,6,7,100
1,9,3,47
4,8,2,87
6,4,9,90
7,4,2,81
2,7,4,58
6,7,5,92
7,9,6,86
2,7,4,55
2,7,6,81
7,4,3,68
1,7,4,67
8,4,5,94
3,8,8,83
6,8,5,100
9,9,9,100
6,6,0,78
9,7,6,100
7,8,2,84
9,8,5,100
2,9,1,57
8,5,6,99
8,5,0,81
2,9,1,68
4,4,8,99
7,6,8,88
4,9,6,100
4,5,1,56
6,6,4,92
6,8,3,83
3,9,1,52
9,4,1,100
2,6,9,81
6,5,7,98
7,8,4,100
9,9,7,100
3,7,1,85
3,8,1,47
7,5,2,84
4,9,9,97
8,5,7,100
7,7,7,95
5,8,2,68
7,6,0,87
3,6,6,47
2,8,3,61
6,6,2,75
2,9,4,73
3,8,5,62
6,8,0,73
5,5,8,70
8,4,5,100
9,5,2,95
3,6,0,66
3,4,8,86
3,8,1,52
6,6,9,82
1,7,5,58
7,6,5,91
1,4,2,52
5,4,5,82
8,8,1,98
4,9,7,91
5,7,0,71
4,8,5,82
4,7,0,68
8,7,8,94
2,8,8,69
1,6,5,42
3,5,5,63
9,7,8,100
4,4,4,68
5,8,8,89
2,9,4,72
4,6,3,53
2,7,1,59
2,9,1,52
4,6,0,57
6,8,9,91
7,9,2,78
3,4,0,62
3,7,5,78
6,7,6,100
3,9,8,78
2,6,6,76
8,8,3,95
5,5,3,78
1,7,7,65
3,4,3,64
8,7,0,82
4,7,8,93
7,5,2,87
2,5,0,54
7,8,8,100
5,7,9,89
5,7,9,94
6,6,4,84
9,6,8,100
6,9,2,84
8,9,5,100
7,4,6,90
9,4,4,100
4,6,7,79
2,9,9,91
7,4,5,90
6,7,5,90
1,9,6,67
9,5,7,99
9,9,1,94
2,7,6,72
3,6,8,84
5,8,0,56
5,8,0,76
1,6,6,56
8,7,4,96
8,4,0,85
4,9,0,69
7,9,1,71
3,4,9,88
6,8,8,100
9,6,2,77
1,6,8,70
5,5,5,55
4,8,9,94
8,6,5,99
1,5,6,56
9,4,9,100
6,8,7,86
4,8,2,61
9,6,7,100
5,6,5,71
5,7,5,77
5,4,2,72
1,4,5,53
1,9,7,58
8,5,6,96
8,5,9,100
6,7,9,100
4,9,6,87
2,4,2,32
2,5,9,67
9,4,2,100
5,4,4,71
4,9,4,84
1,5,8,68
7,6,8,100
3,6,9,78
6,9,4,100
5,5,4,76
5,7,5,82
5,8,7,100
1,9,5,69
1,4,5,57
3,9,8,95
4,8,0,66
5,9,3,88
2,5,9,82
8,4,9,96
2,8,1,77
9,6,8,100
2,7,2,57
9,9,9,100
7,9,1,85
8,8,7,100
2,7,3,89
7,9,1,85
6,6,3,83
4,8,6,70
7,5,6,79
4,4,0,64
2,6,0,61
7,7,2,88
8,7,1,77
2,6,2,59
5,5,3,76
1,9,6,76
7,5,1,64
8,9,6,100
6,9,4,98
5,7,7,83
6,9,7,100
2,6,4,61
1,9,9,78
7,6,7,100
7,4,8,92
2,7,6,100
2,5,5,65
1,8,6,75
8,5,6,85
8,5,2,100
1,8,5,58
8,7,5,100
9,9,8,100
4,4,0,77
1,5,6,72
1,9,0,64
3,5,9,79
5,7,3,77
5,7,6,99
9,6,5,90
2,7,5,61
2,7,4,74
6,5,6,94
9,4,8,100
1,5,5,51
9,9,9,100
9,7,6,99
9,6,8,100
5,4,6,86
9,6,5,100
4,8,2,87
2,6,0,80
6,6,9,87
4,9,8,99
6,7,6,100
3,9,2,49
6,7,9,94
2,9,8,82
2,7,2,59
9,7,2,100
7,7,6,87
3,6,1,87
1,8,9,84
8,7,6,100
6,8,6,100
7,8,0,89
9,5,9,100
5,5,1,70
1,4,4,67
7,9,3,84
5,5,2,66
3,7,9,100
9,8,7,100
1,9,6,78
1,4,8,65
1,5,2,63
3,6,9,92
6,9,0,78
3,4,8,69
8,7,8,100
2,9,0,67
9,8,7,100
3,7,9,90
5,7,0,86
8,9,5,100
2,6,8,80
6,6,2,82
5,9,5,66
9,9,2,100
5,9,4,89
2,8,6,73
5,5,9,98
4,7,3,58
7,9,3,68
6,5,6,82
2,8,4,69
5,7,0,70
7,5,9,100
7,7,1,81
5,6,5,100
9,9,8,100
4,6,6,85
3,4,3,53
4,8,1,65
5,9,3,72
6,5,4,89
3,7,1,58
2,4,0,64
4,8,3,78
5,8,5,91
4,8,0,69
3,5,0,45
8,9,8,100
4,6,4,69
2,4,1,62
2,5,1,47
1,7,3,48
4,5,1,62
9,7,3,88
7,7,5,99
7,8,6,100
7,5,5,92
8,6,3,90
1,7,9,72
8,8,2,92
4,6,3,69
4,5,4,74
4,6,3,91
6,5,2,64
7,7,0,85
6,4,2,64
1,4,4,56
8,9,5,88
7,9,3,99
6,7,0,83
6,6,9,95
5,5,6,77
6,4,8,100
9,5,5,100
9,7,5,100
8,6,8,99
9,5,3,98
8,6,4,100
8,4,4,86
1,5,4,71
5,8,7,91
4,4,0,52
2,6,9,77
8,7,9,100
3,8,2,74
4,9,7,100
7,5,8,100
9,9,1,87
2,4,3,56
3,5,7,58
4,5,4,82
1,8,0,50
7,8,5,100
2,8,8,75
5,8,8,98
1,7,0,64
3,6,3,64
2,8,0,70
1,4,6,73
7,5,2,67
5,9,1,64
1,8,7,80
6,4,8,72
5,7,6,90
3,4,5,88
7,9,9,93
9,9,5,100
9,4,8,100
9,7,4,92
2,9,4,93
3,7,1,67
7,5,5,91
5,8,5,95
2,9,5,100
3,4,3,65
6,6,6,86
7,6,8,96
9,5,0,89
1,6,2,51
7,5,9,100
8,8,8,100
3,5,4,70
4,7,5,61
6,7,7,88
7,7,8,100
4,9,7,88
8,7,2,89
5,7,9,100
1,7,0,46
4,7,4,60
3,9,6,84
9,7,1,99
8,7,0,85
1,8,3,52
6,9,2,99
9,7,3,87
7,5,0,78
4,8,1,75
1,9,0,40
2,6,2,50
5,4,3,81
5,9,0,72
8,8,5,84
6,7,1,68
8,8,9,100
2,4,4,83
3,4,7,78
6,9,3,90
3,7,4,71
6,7,8,88
6,5,1,59
2,4,1,55
7,7,5,100
2,4,5,64
6,5,2,99
1,6,8,72
3,4,0,63
2,5,2,65
7,5,7,88
4,5,7,69
8,8,3,95
6,9,7,100
4,7,9,96
5,4,7,73
9,9,0,100
7,8,2,82
9,4,0,84
7,9,1,87
1,8,3,59
8,7,2,87
4,5,5,76
3,9,4,78
7,9,4,82
3,4,9,82
8,5,6,93
6,7,6,100
5,4,8,98
4,6,7,86
8,6,2,100
8,6,1,86
1,7,0,43
9,6,9,100
5,9,5,94
4,4,3,53
6,9,2,84
6,6,1,82
2,4,1,52
8,9,3,94
7,7,0,82
1,5,5,54
5,9,9,100
6,8,4,89
4,6,9,86
2,8,8,94
4,5,1,71
1,7,8,72
7,9,8,100
2,7,9,84
2,5,8,87
9,8,9,100
5,9,9,100
2,6,3,67
9,4,4,100
9,7,7,100
1,5,7,68
3,9,0,80
4,8,9,100
7,6,0,87
4,8,9,81
2,6,5,61
7,9,6,100
6,4,1,80
3,4,1,63
6,5,4,82
6,5,8,86
5,6,4,72
4,6,7,74
1,6,7,74
6,6,4,85
2,9,7,70
3,9,7,90
8,4,4,93
6,5,4,86
3,5,3,74
7,7,0,83
4,5,8,82
9,5,1,100
5,8,0,83
3,8,5,56
2,7,4,65
2,6,0,53
3,7,6,87
2,7,6,69
4,4,2,68
2,9,7,93
9,5,5,92
2,4,3,52
9,9,9,100
6,5,9,95
1,7,9,80
4,5,2,62
1,6,0,34
6,6,1,80
4,7,1,58
3,8,4,80
3,6,3,77
9,7,1,100
6,4,8,93
9,8,6,100
5,6,7,91
2,7,7,72
8,7,1,77
5,4,4,76
2,4,2,56
4,8,9,100
9,9,8,100
4,6,8,84
4,7,5,46
2,8,3,57
6,8,7,99
2,4,4,39
7,7,2,100
3,5,7,87
3,9,5,64
5,9,4,91
3,4,0,32
2,7,2,57
9,8,6,100
2,9,2,63
2,8,0,30
8,6,7,100
9,5,6,100
7,4,4,80
3,9,9,93
9,6,4,91
3,6,5,79
5,5,6,89
9,4,2,100
3,4,3,64
7,8,0,85
1,4,6,72
4,6,9,91
4,8,1,64
7,4,6,88
8,5,5,91
1,6,3,59
5,7,1,83
7,5,6,100
4,5,6,68
4,4,4,80
4,8,8,86
6,8,2,95
7,6,8,98
2,4,4,65
5,8,1,80
4,9,8,100
3,7,0,57
7,9,0,91
6,4,6,79
7,4,2,81
5,8,7,100
6,5,6,98
5,4,6,92
7,5,0,85
2,6,0,63
5,6,1,75
6,8,1,61
6,6,4,84
5,9,8,100
7,9,6,100
8,9,1,100
7,8,4,98
5,8,4,78
1,9,7,83
5,5,8,79
2,9,7,85
5,5,1,75
5,6,3,95
2,5,1,54
5,4,5,68
4,7,3,73
1,4,6,50
3,4,1,54
1,8,8,80
5,7,4,77
4,8,0,56
7,5,2,92
5,9,3,80
4,5,2,62
2,7,5,70
4,6,5,55
2,5,9,92
8,4,6,94
3,7,8,100
9,7,9,100
4,5,8,100
6,5,6,98
5,8,0,75
1,8,2,53
9,4,4,100
1,7,9,71
8,6,5,98
9,6,5,78
9,7,4,98
1,4,5,54
2,8,8,61
1,8,0,49
2,8,0,53
8,6,8,100
5,6,7,86
7,4,8,100
2,6,6,70
8,5,9,100
6,6,5,93
8,8,8,100
1,4,1,49
1,7,3,52
7,7,1,89
8,4,5,87
3,5,0,41
5,7,6,85
1,8,6,64
7,7,6,94
5,7,3,97
8,8,7,100
8,6,4,77
9,5,1,100
7,8,4,100
1,8,9,85
3,9,8,75
8,4,9,100
3,5,0,51
8,6,1,97
1,9,9,94
5,8,7,87
4,9,4,73
5,6,8,97
8,9,5,100
4,9,7,86
4,9,0,65
3,8,8,93
7,8,8,100
3,4,2,72
3,7,0,71
5,5,7,79
5,4,7,84
6,6,8,98
8,9,5,100
6,8,8,100
1,9,9,80
8,8,8,100
8,5,3,79
9,4,4,90
9,4,5,100
2,6,5,75
2,4,9,74
3,4,1,56
1,7,3,60
4,5,8,87
4,9,6,84
9,4,8,89
9,6,5,100
9,9,6,100
7,8,8,100
2,4,3,79
5,4,8,90
4,9,2,64
8,8,7,99
2,7,2,49
6,5,2,66
5,7,2,61
2,6,8,78
1,9,9,53
8,4,2,73
2,7,5,63
7,5,3,94
9,6,1,100
9,7,2,94
8,4,4,84
9,5,9,100
2,4,3,69
6,4,4,92
4,6,0,61
4,5,3,61
5,8,9,76
3,4,2,47
1,5,1,47
8,4,6,96
5,7,9,100
3,7,8,82
7,5,0,71
7,6,6,85
1,8,0,56
9,7,4,100
2,6,0,58
5,8,2,83
5,7,7,92
8,8,3,100
8,9,0,72
7,4,0,63
7,5,7,84
6,7,7,77
6,7,3,71
9,4,3,85
6,7,9,100
2,7,1,43
2,9,1,52
5,7,5,75
4,7,7,82
2,7,6,84
3,6,6,75
7,7,2,73
8,4,1,77
6,9,9,92
5,7,6,91
1,8,3,53
8,9,0,86
3,9,0,55
6,8,3,82
3,4,4,71
7,6,4,80
7,4,0,90
9,6,2,99
5,5,5,84
8,8,9,100
8,9,6,98
1,9,0,59
5,9,7,82
3,8,3,58
1,8,8,79
4,6,5,71
8,9,0,91
3,4,1,47
2,6,2,56
9,9,1,89
5,8,9,100
7,8,6,90
2,8,0,50
9,9,8,100
9,8,1,85
4,5,3,56
4,8,7,97
6,9,2,83
6,6,8,93
1,8,6,72
9,7,9,100
2,5,2,79
5,9,2,75
9,8,4,100
4,7,4,89
3,9,9,80
7,6,4,92
6,5,8,72
8,8,8,100
3,6,5,66
5,9,6,93
4,7,9,91
4,9,7,83
4,9,8,84
8,5,5,99
6,8,7,94
3,6,1,48
5,5,9,100
6,7,7,100
5,8,1,79
6,5,7,100
8,7,1,84
7,7,2,91
5,6,6,93
6,9,8,100
4,7,2,62
9,7,4,100
4,9,8,85
1,4,6,68
7,7,1,79
7,8,4,78
4,5,4,61
3,9,8,91
8,9,1,100
5,9,0,74
7,8,3,93
4,9,3,85
4,8,0,72
8,6,9,100
8,4,6,100
2,9,1,69
2,4,8,85
3,9,6,67
3,8,6,70
1,5,0,42
3,4,8,68
6,4,9,80
8,8,8,100
6,4,1,98
5,6,9,99
4,8,8,81
3,4,1,58
4,4,1,73
7,4,7,95
1,8,2,43
7,5,2,86
1,7,6,89
2,9,9,86
4,4,5,68
1,7,6,69
9,7,5,98
6,4,8,100
1,4,1,63
1,9,7,86
6,7,5,87
4,5,3,64
4,7,5,87
6,5,5,85
7,6,9,100
9,5,2,96
5,9,7,98
9,8,4,100
4,4,9,84
2,6,3,62
3,7,1,79
1,5,9,94
6,6,0,74
6,8,6,90
1,5,9,83
3,9,2,66
5,7,2,69
3,7,2,69
3,5,9,71
3,8,2,45
5,4,1,67
5,4,5,79
4,7,9,93
1,8,2,53
5,7,0,47
5,4,9,93
4,7,8,100
6,5,5,70
4,9,5,78
7,5,9,99
7,9,8,100
2,8,1,52
3,4,9,63
1,8,8,86
8,8,2,99
9,4,2,100
4,6,2,77
6,6,0,55
9,7,9,100
6,6,6,81
9,5,9,100
4,9,6,72
8,8,1,89
9,7,5,95
4,8,3,80
5,4,6,74
8,6,6,91
6,4,3,66
7,7,2,86
3,9,6,77
7,5,8,100
8,6,3,93
6,4,5,87
9,9,6,100
6,6,9,98
9,8,2,94
4,5,4,42
8,9,0,97
4,6,5,72
2,5,4,52
9,9,6,100
5,8,8,83
4,8,3,67
2,4,8,76
1,7,5,66
7,4,4,79
6,5,1,79
2,4,0,28
8,9,7,100
4,6,5,69
8,9,6,92
7,4,5,86
5,7,9,92
8,9,6,100
9,9,8,100
5,9,4,84
5,7,0,74
2,9,0,54
5,5,8,93
3,8,4,72
7,7,1,65
5,5,2,61
8,7,0,94
1,7,5,78
3,8,5,77
3,6,2,52
9,5,2,100
5,7,6,100
9,7,0,77
9,4,4,86
1,9,2,67
2,6,4,74
5,8,3,77
4,5,5,75
9,7,8,100
7,9,1,89
6,5,9,97
7,8,7,89
1,6,1,62
1,4,3,54
8,6,8,98
2,4,3,60
9,5,6,100
7,6,4,100
6,6,1,75
1,6,7,76
1,8,9,89
2,5,9,69
6,4,1,65
6,6,2,63
2,5,9,79
1,9,6,84
5,8,4,91
5,8,9,100
2,9,2,58
6,5,1,53
9,4,5,92
2,5,9,85
2,5,0,53
3,7,7,67
7,8,4,100
6,4,4,53
8,7,1,70
8,9,6,100
6,5,4,74
3,9,7,93
3,8,4,77
1,7,8,61
7,7,4,94
5,4,2,72
4,5,1,66
4,4,4,81
4,7,9,90
6,7,9,79
8,4,4,100
8,7,5,100
5,6,1,72
6,8,4,89
4,5,0,59
9,8,2,100
8,5,2,81
1,7,2,65
2,4,2,39
9,4,7,100
8,7,0,67
3,5,5,70
8,7,5,100
1,5,0,41
4,7,0,71
3,7,2,64
6,7,7,100
7,4,5,100
4,5,3,61
7,9,4,99
9,7,9,100
2,8,2,58
3,8,5,73
5,4,5,75
3,6,5,80
8,9,8,100
8,4,9,96
8,6,7,100
9,4,5,84
4,8,1,59
5,7,3,74
5,5,5,95
8,7,8,100
7,8,1,82
9,5,5,91
8,6,9,100
2,6,9,89
4,8,9,80
6,5,6,82
2,7,7,78
7,8,8,100
3,6,4,59
3,8,8,91
2,7,8,89
8,4,6,93
6,9,1,87
1,9,7,69
1,9,4,69
7,4,7,98
8,7,1,77
5,5,6,75
5,8,4,82
4,7,3,64
6,4,9,78
6,6,5,82
3,9,4,69
9,9,5,100
7,7,8,100
1,9,0,65
7,9,0,96
5,7,5,100
5,7,1,71
2,4,7,80
4,4,6,81
6,9,5,100
7,7,3,100
5,7,8,86
9,9,6,100
3,5,6,90
1,6,4,68
4,8,0,58
9,8,1,81
4,9,7,88
2,8,4,63
5,4,1,61
3,4,4,61
9,5,7,95
4,9,3,87
6,4,2,66
2,9,4,73
6,9,6,100
3,7,1,74
9,6,0,86
2,6,4,57
9,9,6,98
5,6,7,90
8,6,7,100
2,8,9,70
6,8,8,100
3,7,0,82
5,5,6,94
8,4,9,100
1,4,7,72
5,8,5,97
3,9,9,83
4,6,3,85
2,7,6,90
9,5,2,100
3,8,1,56
2,9,5,80
9,7,1,100
7,9,5,96
6,7,9,100
1,8,2,43
5,7,1,63
3,6,7,93
1,7,3,62
4,5,3,70
2,7,6,63
2,4,7,61
3,7,8,81
8,9,9,100
8,8,7,100
7,4,3,87
6,8,1,91
9,9,9,100
4,5,4,77
1,6,6,62
8,5,1,92
7,4,3,86
7,9,5,98
3,9,7,82
4,6,9,97
9,7,5,100
6,4,5,100
5,6,5,80
3,8,3,54
9,6,2,93
5,8,0,68
5,8,1,73
4,9,1,63
4,6,9,92
1,9,6,80
7,9,5,86
9,5,7,90
3,5,8,68
2,9,4,65
3,9,2,50
1,8,3,45
6,9,7,100
7,4,2,90
2,6,1,32
8,4,6,95
6,5,3,75
4,4,7,72
5,7,0,48
8,7,7,100
3,5,4,70
3,4,1,53
4,6,0,50
1,5,5,64
9,7,8,100
8,5,8,98
8,4,8,100
6,4,3,85
7,4,5,85
6,8,9,100
9,4,5,100
3,9,4,67
3,7,1,39
3,7,6,77
3,8,0,55
9,7,5,95
4,7,4,73
7,5,4,100
9,4,7,100
7,9,8,95
9,9,6,100
3,5,9,71
4,9,7,83
8,5,1,80
6,9,1,68
5,7,7,82
4,6,5,71
8,4,7,100
1,6,8,78
9,7,8,100
1,8,5,60
8,5,7,96
4,9,1,82
9,9,7,100
5,7,2,93
3,9,0,65
9,7,6,100
9,6,0,95
4,8,0,66
4,5,0,82
8,9,3,100
2,8,3,63
9,8,9,100
6,8,5,88
9,4,9,100
8,8,2,100
7,7,9,90
1,4,5,70
3,4,6,74
2,8,0,36
5,9,5,78
5,9,9,87
5,9,0,77
4,9,6,87
5,7,9,96
3,9,4,76
1,5,9,71
5,8,3,69
9,4,0,95
9,5,8,97
4,9,6,73
3,5,1,48
1,4,3,39
2,9,3,81
8,5,7,100
1,7,1,61
8,7,4,76
7,8,9,100
8,8,7,100
6,5,5,100
9,4,3,100
3,7,4,79
4,6,1,82
6,8,4,90
8,7,2,100
5,9,2,70
3,5,6,67
6,7,2,84
4,7,3,62
9,5,6,90
3,8,2,76
4,8,9,99
7,6,9,99
7,6,1,86
4,8,9,97
6,8,6,100
3,8,4,67
6,8,0,79
2,7,9,91
8,6,7,97
2,5,2,71
7,4,6,96
9,5,5,88
1,9,9,84
8,4,5,100
7,7,7,94
6,9,3,100
6,6,3,74
6,4,2,69
9,8,0,100
2,9,9,75
1,7,2,40
6,4,0,67
8,8,5,100
3,9,7,77
1,7,2,66
9,9,3,100
1,4,4,41
3,8,6,79
8,6,5,88
3,7,1,63
4,4,6,74
8,8,7,100
1,6,0,54
6,9,5,84
1,8,8,61
1,6,6,73
8,4,4,89
4,8,9,93
1,8,9,64
7,5,8,95
5,7,1,66
5,8,6,91
1,6,8,73
6,7,1,74
9,4,9,100
9,7,5,100
8,5,8,100
5,4,2,66
1,8,7,53
9,9,4,100
1,4,6,66
8,4,2,75
5,5,7,81
3,6,1,54
7,4,7,100
7,6,1,85
9,7,6,100
7,9,1,90
3,5,6,69
1,8,0,62
8,4,5,98
3,9,9,91
8,9,6,100
8,6,3,100
5,4,0,56
1,9,5,63
7,5,3,100
5,8,2,82
8,7,3,100
9,7,5,100
7,6,4,91
7,9,1,79
1,7,1,45
4,6,2,80
2,8,5,70
2,4,0,49
2,5,6,74
4,8,7,89
1,8,6,61
4,7,2,77
2,7,5,81
5,5,3,71
3,4,4,70
8,8,2,97
4,9,4,66
1,7,5,58
1,8,7,71
3,4,5,52
9,6,8,100
7,4,9,85
2,8,9,60
9,8,9,100
2,5,9,100
3,8,3,87
2,7,1,46
3,9,8,87
6,5,2,66
9,8,6,100
9,4,3,80
7,8,0,81
3,4,7,63
4,4,3,65
6,8,5,86
5,4,6,80
2,9,7,77
6,6,9,100
3,5,1,48
8,8,8,100
2,6,9,77
1,4,2,47
9,4,0,73
3,5,1,62
1,6,7,86
7,6,9,100
5,8,5,79
5,4,0,61
1,7,8,95
9,8,6,100
7,8,9,100
8,8,2,100
9,5,6,100
6,5,5,75
5,8,2,95
6,9,7,98
2,7,0,51
4,6,4,70
3,6,7,80
7,4,2,85
9,6,9,100
5,6,5,70
6,7,9,93
2,6,1,50
3,7,8,84
3,5,1,55
9,7,4,98
7,5,2,90
8,7,9,100
9,8,8,100
6,9,8,93
4,5,6,88
1,5,9,89
8,6,4,94
7,5,8,100
2,7,6,71
8,8,1,81
5,8,9,93
7,6,0,85
4,7,9,100
5,7,9,89
8,4,3,76
1,5,9,70
1,6,7,66
4,8,5,64
3,9,1,61
2,4,4,61
3,7,8,80
1,5,5,62
1,8,5,56
6,4,6,94
5,7,4,62
8,8,2,87
2,8,2,50
4,7,4,100
8,7,3,85
6,6,4,85
1,8,8,73
4,7,4,66
1,9,3,82
2,9,3,87
5,4,0,74
8,5,9,99
8,9,3,100
3,6,3,76
4,7,8,97
6,5,3,69
3,6,6,79
2,8,0,57
6,5,6,93
5,9,1,70
5,6,7,82
5,7,0,71
5,7,9,91
3,6,2,46
7,8,7,100
6,9,9,100
4,6,7,74
2,4,4,43
9,6,4,100
1,6,7,80
4,9,9,95
1,7,4,62
6,8,8,98
4,6,0,72
5,5,4,74
5,7,2,84
9,7,2,90
1,6,1,47
2,9,2,62
6,5,6,95
5,6,7,93
7,5,7,96
3,7,7,76
3,5,0,61
2,6,6,71
3,4,1,56
1,4,9,66
5,5,3,85
5,9,4,87
7,6,0,69
4,8,3,75
3,4,3,55
1,7,8,61
8,6,8,100
3,6,9,80
2,4,0,49
4,8,7,75
3,7,3,59
1,8,3,42
3,7,4,87
2,4,1,57
8,6,0,98
6,7,4,79
9,6,6,100
8,5,9,100
3,5,8,86
5,4,1,79
7,4,7,87
5,9,6,81
8,4,1,67
5,5,4,69
1,7,6,56
5,8,2,69
4,4,1,56
6,8,5,100
3,8,9,74
5,5,5,79
2,9,3,64
6,7,0,60
6,5,4,60
5,4,0,75
6,5,7,86
7,5,1,86
5,5,8,88
1,4,8,64
8,4,2,78
4,5,5,77
9,5,8,97
6,8,6,85
1,7,3,56
3,8,2,81
3,9,1,48
4,7,9,100
6,9,9,81
7,7,0,78
4,5,9,95
6,8,0,84
1,7,3,59
8,9,3,90
7,7,8,100
9,4,9,100
3,7,0,59
2,5,3,42
1,6,2,51
3,4,8,89
5,6,4,71
2,5,8,96
3,6,9,87
4,7,5,70
7,6,8,100
3,8,0,65
9,5,3,83
8,8,3,100
4,6,9,77
1,8,9,68
1,4,5,60
1,6,9,86
1,9,0,49
8,8,9,100
3,7,4,73
6,6,2,85
3,9,0,46
5,4,5,81
7,7,2,79
2,6,3,56
6,7,8,98
6,6,1,82
3,6,0,53
6,5,9,100
5,8,5,79
2,6,0,51
9,4,0,72
8,9,6,100
3,8,1,73
8,5,3,73
9,8,3,100
3,8,1,76
3,6,5,77
2,4,9,61
8,6,1,84
1,4,7,56
8,4,3,81
7,7,0,69
7,6,6,100
3,5,5,62
1,9,5,74
4,8,2,77
9,7,9,100
5,5,6,96
1,9,5,69
5,9,9,96
8,6,9,100
8,4,8,100
5,6,2,83
9,9,2,96
1,6,3,50
4,7,2,86
3,5,3,66
2,9,5,79
8,7,0,74
7,5,1,79
9,7,9,100
2,8,5,75
4,4,5,65
6,4,0,65
3,4,5,78
8,8,8,100
3,9,7,75
2,9,9,73
3,8,4,82
6,4,3,64
2,4,5,56
8,5,4,100
1,5,5,74
7,6,9,98
2,7,2,69
6,5,6,90
2,5,7,62
2,5,4,64
8,5,4,83
2,8,3,55
7,6,9,100
3,5,4,52
8,9,9,100
7,7,7,86
8,5,4,73
7,8,8,100
6,9,0,71
7,4,6,100
5,4,4,84
7,6,3,100
1,4,2,65
1,5,9,86
9,8,6,100
5,6,1,66
5,9,4,65
3,5,1,59
5,4,6,91
3,7,5,87
9,5,9,100
9,7,6,100
6,9,8,100
1,7,1,50
7,9,8,98
7,6,6,100
4,8,1,98
8,4,9,95
6,4,1,73
4,5,3,82
4,4,1,68
2,6,0,67
2,4,5,68
4,5,9,99
5,4,4,64
8,8,2,100
6,9,0,79
4,7,8,82
7,7,7,100
8,9,5,100
2,7,5,62
7,8,3,88
2,6,1,31
2,5,3,63
8,8,1,73
2,5,6,79
9,6,8,100
1,8,1,61
9,4,8,93
1,6,8,63
2,7,7,61
6,8,0,62
6,6,4,81
1,6,9,69
7,8,3,100
8,7,6,83
2,9,7,80
8,7,9,100
9,6,7,94
6,5,1,63
5,9,2,93
9,9,9,100
9,6,9,100
1,8,6,58
3,8,3,76
9,8,5,99
2,7,7,66
4,4,7,79
4,8,6,92
2,8,1,56
3,9,1,59
3,5,2,51
1,5,3,62
6,6,0,55
8,6,4,93
3,6,6,63
5,8,9,100
1,5,4,54
7,6,6,95
1,5,4,42
9,8,9,100
8,9,7,98
7,8,6,85
7,6,0,80
5,8,0,62
5,8,4,77
5,5,1,54
1,4,8,54
8,7,1,70
1,6,8,73
4,4,9,94
9,9,1,98
9,6,3,100
5,4,2,57
4,8,5,84
3,6,3,76
3,4,8,78
5,7,8,95
1,8,9,94
5,6,8,77
6,9,2,82
7,9,2,89
9,6,3,83
3,4,8,63
2,6,5,76
3,8,8,81
9,5,7,84
7,9,6,99
9,4,4,96
2,7,8,72
5,6,3,64
4,8,3,73
2,6,7,84
9,7,3,99
9,8,6,100
6,7,3,100
6,8,0,68
8,5,9,100
6,9,8,100
1,8,3,54
4,7,2,70
7,4,2,76
2,9,8,74
9,5,7,100
8,6,9,100
8,5,6,99
7,5,6,87
4,6,3,81
2,8,2,69
3,5,3,76
6,9,5,78
5,5,3,74
8,4,3,86
6,9,1,80
6,4,6,100
1,9,5,67
4,7,1,85
5,6,4,68
3,9,5,83
9,9,4,88
1,8,3,58
6,8,8,100
6,7,2,94
5,8,1,74
5,8,8,92
5,4,7,77
6,8,8,100
8,8,9,93
2,7,2,51
6,7,0,78
1,5,0,31
4,8,2,91
3,8,3,44
9,9,1,100
3,8,7,74
6,4,2,63
1,9,3,72
6,8,5,78
4,4,9,93
8,5,5,100
9,9,1,77
4,6,5,89
6,8,3,74
1,9,4,67
4,7,6,83
7,9,6,100
1,7,5,59
8,8,9,100
6,4,5,72
5,7,5,99
9,9,3,100
2,9,2,62
5,7,0,64
6,5,2,77
7,5,2,92
5,5,8,81
9,7,2,98
1,7,7,84
7,9,7,100
7,8,2,96
4,8,9,97
9,4,9,95
5,7,5,74
4,8,7,84
7,8,7,87
4,5,9,73
3,5,9,86
9,5,8,94
8,6,8,100
1,8,7,80
7,5,6,100
9,5,9,100
8,7,2,100
8,9,6,87
6,5,3,66
4,7,1,70
8,4,7,100
3,5,1,58
9,9,0,100
2,7,4,71
2,9,9,75
7,5,8,100
4,4,4,77
8,5,1,84
9,7,9,100
7,4,3,87
5,4,7,73
8,4,6,93
4,6,4,80
2,7,3,56
6,6,4,91
9,9,6,100
1,4,4,70
7,6,7,95
9,5,6,100
9,6,6,100
3,8,8,81
5,9,7,66
8,4,7,82
8,4,5,97
4,9,6,89
1,9,7,78
1,7,4,43
4,5,9,84
6,9,1,83
8,9,6,100
6,7,9,96
9,9,2,100
9,6,9,100
2,8,7,91
1,8,5,67
2,8,3,56
5,9,1,72
4,8,6,74
4,5,0,73
9,6,6,87
8,8,9,100
6,4,9,100
1,9,6,88
2,6,9,87
6,5,2,79
2,8,3,55
5,5,3,77
5,9,3,74
6,8,8,100
6,4,5,79
6,6,9,83
2,4,8,67
3,8,3,68
6,7,6,87
8,6,9,98
1,5,8,60
1,8,9,63
2,4,2,51
6,9,2,76
9,7,5,100
4,9,7,83
3,8,0,68
8,5,3,90
9,4,7,100
5,6,5,73
9,7,1,85
2,8,7,75
3,8,0,70
7,8,0,76
7,8,6,96
6,4,9,95
6,6,2,80
2,5,7,66
6,7,8,100
4,8,7,62
3,9,0,52
2,8,0,54
1,6,5,61
5,6,0,59
2,4,7,82
2,4,5,70
7,9,4,73
8,9,5,81
8,4,3,94
4,7,0,87
1,9,6,69
7,4,9,100
1,8,8,70
4,4,3,79
8,7,3,89
2,4,8,73
6,4,3,84
6,8,9,100
9,9,3,100
5,8,7,94
4,8,3,90
5,4,8,89
5,8,7,96
8,6,4,100
8,5,8,88
2,5,7,72
7,8,9,100
8,9,3,100
6,7,3,84
5,8,0,69
9,9,3,100
3,8,7,78
4,4,4,69
9,9,5,100
6,7,3,91
8,8,4,100
7,6,9,100
2,9,7,83
3,5,8,76
1,9,2,54
9,6,9,100
7,6,3,86
1,6,0,53
3,7,4,64
4,7,3,81
4,9,5,93
5,7,5,82
3,5,9,91
3,4,5,84
1,9,2,48
7,8,6,84
1,8,2,51
2,9,5,79
4,4,9,84
4,8,0,65
5,9,7,92
2,9,6,60
4,6,8,87
1,5,2,61
2,8,7,76
1,5,1,48
4,9,8,100
4,4,0,62
7,9,9,100
9,8,6,95
9,5,9,100
5,6,0,52
1,6,5,61
1,9,0,55
6,4,3,52
2,7,6,84
8,8,1,91
9,9,2,100
4,6,3,64
5,6,5,96
8,4,8,100
3,6,3,73
5,8,5,100
3,4,6,60
3,5,3,92
3,4,5,77
7,8,2,86
7,8,4,88
7,5,9,100
8,9,3,100
5,4,6,89
5,8,5,83
4,8,6,79
7,5,5,84
4,7,1,62
2,4,6,77
4,8,7,89
8,6,6,100
9,5,3,96
3,7,3,82
7,7,4,86
9,5,8,100
4,7,4,71
3,8,1,56
5,7,4,90
1,4,2,45
3,6,9,78
8,8,7,94
8,5,9,100
4,6,9,90
2,9,1,58
8,8,3,100
8,6,4,100
4,7,3,70
3,9,4,71
2,5,9,67
9,5,3,100
1,4,2,48
7,7,0,97
5,4,3,81
8,4,8,100
4,7,0,63
7,8,6,100
5,9,2,82
5,4,7,81
9,6,5,99
9,9,0,100
9,8,9,100
6,7,4,76
6,5,7,65
5,8,2,87
9,4,3,87
8,6,6,91
7,9,5,100
7,7,6,86
6,5,8,100
5,9,8,98
4,6,1,62
3,5,2,61
3,7,3,66
6,9,5,100
4,8,4,82
6,4,5,89
3,7,7,66
4,6,1,60
9,8,5,100
5,9,8,100
7,5,4,73
2,8,0,72
5,8,7,95
9,6,3,100
3,4,7,53
9,8,3,79
6,8,7,100
4,4,8,73
7,4,4,67
8,5,4,80
6,9,1,75
5,5,8,70
6,4,3,76
5,7,2,94
8,4,1,83
1,5,2,60
7,6,3,87
2,6,8,68
9,9,5,100
1,8,9,77
6,6,4,85
9,5,8,99
1,6,7,74
4,7,5,65
4,4,2,46
9,4,6,100
5,5,9,100
5,8,5,86
6,4,7,100
1,6,5,59
1,7,9,93
9,8,3,89
3,8,9,97
4,8,6,88
1,4,6,41
9,9,7,100
8,8,1,97
2,5,5,52
8,6,2,96
7,9,7,100
6,7,3,100
1,6,3,59
7,5,1,83
7,5,5,95
9,9,5,100
1,6,0,42
2,4,7,98
9,5,2,81
9,8,0,100
6,7,9,100
6,7,0,84
4,5,0,53
4,8,4,92
5,6,4,83
3,7,0,48
1,8,4,52
1,8,6,67
7,4,4,94
1,5,8,60
1,8,3,68
3,6,8,97
4,7,7,83
4,4,0,82
2,6,3,42
1,7,6,63
3,5,0,58
4,6,7,96
3,7,1,58
8,4,7,100
1,7,3,66
2,8,7,100
7,4,0,72
4,6,4,75
8,9,8,100
3,5,6,66
6,4,2,79
9,4,3,84
1,4,9,62
1,7,6,65
8,8,5,100
3,9,3,72
5,5,2,82
1,5,1,69
5,8,9,100
6,7,8,99
8,7,2,82
3,8,6,75
3,8,0,63
9,6,7,100
4,7,0,57
4,4,1,55
7,5,0,53
2,7,3,53
8,8,1,72
6,4,0,54
3,6,0,73
9,9,1,100
5,6,5,59
8,4,1,98
7,4,1,82
8,8,7,100
7,9,4,96
3,8,7,73
2,5,7,70
7,9,1,78
3,9,6,58
3,5,8,78
2,6,7,67
4,4,8,91
8,6,7,97
1,8,3,54
1,7,9,74
5,8,6,95
5,7,8,99
1,4,8,67
6,4,3,63
1,9,6,68
5,4,5,98
9,5,2,87
5,5,9,86
6,7,5,83
8,6,7,100
1,9,1,47
2,6,2,56
9,7,7,100
3,5,3,51
6,8,3,83
5,9,1,73
2,7,9,83
7,6,0,83
4,7,6,85
1,7,3,59
4,4,5,78
6,5,7,95
7,9,6,100
7,4,6,89
7,5,5,91
3,7,3,59
6,5,3,83
8,6,8,92
4,9,4,78
8,4,8,100
2,9,8,98
9,7,3,100
9,6,1,95
8,5,1,59
1,5,8,95
2,6,8,77
6,5,2,66
5,4,4,95
9,8,4,100
5,5,1,63
2,7,1,62
4,5,9,90
9,9,0,90
1,7,1,49
1,5,6,61
7,5,0,77
3,7,0,54
2,4,8,70
9,8,1,100
3,8,3,67
2,4,2,47
8,5,3,80
6,8,6,87
6,4,9,91
7,4,1,82
7,8,1,90
6,7,8,95
4,6,5,92
9,7,6,100
6,5,4,77
4,7,4,69
3,9,3,69
4,6,7,96
3,6,6,88
2,4,9,63
5,9,1,69
2,5,1,57
6,4,5,67
3,7,0,53
6,7,6,100
9,8,7,98
1,4,9,81
6,9,7,100
9,4,2,71
4,4,6,79
2,4,0,62
4,6,2,63
1,8,5,63
3,5,8,72
9,5,4,100
5,5,4,81
6,6,8,97
3,8,8,100
5,9,5,81
8,8,4,98
6,6,9,81
4,9,1,59
2,4,7,79
9,7,7,100
1,4,6,41
1,5,7,61
4,4,2,94
7,6,2,89
1,5,1,68
9,7,0,89
4,9,2,91
3,9,2,77
1,5,6,45
4,4,9,88
9,8,8,99
6,8,0,90
6,9,7,82
1,8,0,48
2,5,2,81
6,8,3,86
2,6,7,71
3,9,0,57
4,7,1,83
5,8,4,69
9,6,5,100
4,6,4,94
9,5,2,94
3,9,9,84
8,5,6,100
1,7,0,44
9,7,1,90
9,4,8,100
2,7,3,68
4,9,7,85
8,9,8,100
7,5,6,100
1,6,0,50
5,4,4,70
7,7,5,95
4,6,7,84
1,5,9,69
9,8,7,100
5,4,8,87
2,9,8,78
8,6,3,95
2,5,5,74
3,5,2,72
1,4,0,52
2,4,5,92
7,7,0,89
2,7,8,85
6,9,5,100
3,9,0,64
4,4,2,82
8,4,0,83
3,6,1,62
6,7,5,99
1,5,6,72
7,7,0,76
8,7,9,100
8,4,4,99
3,4,5,70
1,7,3,73
9,8,5,100
6,8,4,90
9,9,6,100
7,7,3,83
1,8,0,45
1,9,1,54
6,9,5,93
5,7,9,100
9,9,1,80
2,4,4,61
8,4,3,92
5,4,6,92
2,5,3,58
6,4,6,82
8,4,7,100
4,7,6,95
2,8,1,38
5,8,0,70
2,4,4,95
2,4,6,54
6,4,0,52
9,9,7,100
4,7,2,71
6,7,6,76
7,7,2,90
6,8,3,73
8,5,7,100
4,8,1,69
1,7,5,71
7,6,9,100
3,5,8,70
6,4,9,91
2,9,8,91
9,8,4,87
1,9,2,55
6,5,5,100
6,6,8,100
5,5,5,95
5,8,3,90
1,7,4,63
5,4,6,66
2,7,9,92
7,7,2,74
3,8,8,97
4,7,0,62
3,7,7,79
3,8,4,66
4,8,9,71
5,6,8,98
1,7,1,62
4,5,0,53
8,4,9,100
7,9,6,100
9,4,9,100
5,8,8,91
4,9,4,75
8,8,3,97
9,6,3,100
7,7,7,94
7,8,0,75
5,8,0,70
4,4,7,79
1,7,1,43
7,6,9,100
1,8,5,68
1,8,1,60
5,8,4,91
9,4,2,94
6,8,6,84
3,8,8,79
3,4,1,51
7,8,6,76
6,7,7,90
9,7,9,100
6,4,7,92
5,7,6,82
7,9,3,83
1,9,3,56
7,9,9,94
3,6,8,92
9,8,9,100
6,6,8,91
9,7,4,95
5,4,6,89
7,9,6,86
4,4,8,79
7,6,6,100
1,7,7,59
7,8,6,99
8,7,3,88
5,9,1,70
2,7,2,60
5,4,6,86
6,5,8,100
2,9,1,75
6,8,6,100
6,9,3,81
1,9,6,91
1,8,4,73
3,9,6,74
3,4,5,63
4,7,1,72
2,4,6,71
9,7,4,100
7,5,8,100
7,9,0,69
6,5,0,88
3,6,1,63
6,7,7,100
8,4,8,100
8,4,6,100
9,9,0,88
1,4,6,64
1,6,7,73
3,8,6,77
3,4,4,72
8,9,6,100
1,5,9,64
2,4,1,60
2,4,8,73
3,4,1,61
6,9,1,91
1,8,4,66
2,4,7,58
1,8,5,52
5,8,8,77
7,6,5,84
8,5,4,83
1,4,0,40
7,4,7,84
5,4,2,74
1,8,1,44
3,7,6,95
7,5,1,90
1,9,0,52
7,4,1,80
5,7,5,71
1,7,1,56
1,7,0,78
1,5,0,38
9,7,3,100
3,9,7,88
5,4,5,91
9,9,3,100
6,4,5,99
9,6,5,100
8,8,8,100
8,7,3,81
1,9,5,65
9,8,9,100
6,8,0,79
9,8,6,100
3,8,6,87
3,8,0,73
6,4,7,86
9,5,4,100
7,7,8,96
3,7,7,91
3,4,2,39
2,9,0,54
9,4,2,95
3,8,1,48
5,5,1,80
9,7,3,100
8,9,1,100
2,6,7,61
3,4,4,65
2,6,0,61
8,7,5,90
6,4,6,88
6,7,0,64
9,4,2,87
8,9,8,100
4,7,6,72
4,6,3,82
9,5,5,93
1,9,5,78
2,9,2,68
2,4,1,56
6,6,4,76
4,7,7,76
3,6,2,51
3,9,4,77
3,4,2,78
6,6,6,97
8,7,5,79
7,8,5,73
4,9,0,70
4,5,1,60
2,5,5,57
1,9,7,82
9,8,4,100
2,4,1,62
8,6,4,74
9,6,8,100
4,8,5,87
8,8,4,100
9,7,9,100
5,7,5,87
7,5,8,80
4,4,6,71
1,4,9,58
3,8,2,50
5,5,9,87
3,5,9,75
7,7,4,83
9,6,3,80
6,4,4,82
1,5,7,70
7,7,5,99
3,7,3,69
5,7,4,78
4,6,6,92
5,5,7,96
5,8,4,88
6,8,1,100
6,7,5,77
8,7,8,85
8,6,2,96
9,7,6,100
8,9,7,87
2,5,5,64
1,7,2,58
2,7,0,52
2,5,2,53
3,4,5,76
7,9,3,100
2,9,0,66
1,8,5,74
6,7,0,89
9,5,7,100
3,8,2,67
6,6,2,90
3,4,0,49
1,7,2,49
5,4,6,93
4,7,9,86
7,7,7,98
6,7,7,95
7,4,2,100
5,9,4,100
4,6,0,61
7,9,8,100
7,5,7,87
6,5,9,87
8,9,1,87
4,6,9,97
5,6,0,50
4,7,3,78
1,7,8,72
8,5,7,100
1,7,2,50
5,7,9,99
6,6,5,87
6,4,8,100
5,9,9,100
3,8,7,90
5,8,9,98
8,7,4,89
2,7,8,74
6,9,8,98
9,8,2,100
8,6,7,100
8,8,3,92
8,8,9,100
7,8,6,80
8,7,9,100
6,7,7,94
2,9,6,73
2,8,4,66
8,7,0,86
1,9,7,76
6,8,4,81
6,6,2,71
4,7,1,74
3,4,2,52
3,9,8,100
1,7,1,57
3,6,9,83
4,6,0,66
5,7,1,52
3,5,1,72
6,9,4,96
5,8,0,67
3,8,9,87
6,6,7,91
6,7,1,73
8,5,5,100
2,9,4,72
1,4,1,45
4,8,9,98
7,9,0,99
3,9,5,67
3,5,5,72
5,9,2,90
5,8,7,90
3,7,8,71
9,8,2,94
4,4,8,73
3,7,7,72
2,6,4,59
9,5,5,98
4,8,0,63
3,7,4,83
7,9,9,100
8,7,9,100
2,8,6,75
7,6,0,76
5,8,9,84
5,6,8,100
3,9,6,90
5,8,3,74
2,7,3,61
4,4,9,88
6,4,6,82
1,9,5,71
4,7,2,54
6,4,8,71
9,9,5,100
2,6,1,71
7,7,9,100
6,6,1,86
2,7,0,62
8,6,4,100
7,6,9,81
5,4,5,71
5,7,2,79
7,8,3,74
9,4,4,100
9,6,3,100
9,6,8,100
6,8,2,73
6,8,4,61
3,6,6,69
1,8,6,66
7,5,5,90
4,4,8,87
1,7,6,79
8,8,3,88
6,8,9,94
6,5,8,95
2,7,5,74
1,5,0,54
2,7,8,76
4,4,6,82
2,8,5,70
1,4,5,35
7,7,3,89
8,8,3,100
6,5,2,61
4,6,7,92
6,5,7,88
3,6,1,60
8,5,4,94
2,7,8,83
5,4,8,73
1,6,6,66
6,7,3,75
2,4,3,59
4,4,9,82
6,8,6,94
8,8,2,93
8,8,2,93
6,6,4,71
4,6,5,74
8,4,7,100
8,6,0,89
1,4,6,80
4,7,7,100
4,5,4,64
7,4,9,95
7,4,1,65
8,7,3,97
5,8,5,100
7,9,8,97
8,8,1,75
9,8,3,100
3,4,9,88
3,4,4,53
4,6,7,89
5,6,7,91
1,5,1,44
7,5,5,86
9,9,5,100
8,6,4,100
5,4,7,98
4,7,9,100
7,6,1,92
5,4,1,61
7,6,6,89
1,8,8,62
1,6,2,38
3,9,6,71
2,8,2,56
2,4,5,43
7,8,2,93
2,6,0,43
4,8,5,90
2,9,2,56
6,7,0,74
8,8,4,89
4,9,7,100
5,8,7,100
4,5,7,72
3,7,2,54
5,4,7,85
9,9,3,99
8,8,7,100
8,7,2,96
8,4,2,65
8,7,0,72
7,9,7,100
8,5,7,96
8,9,8,100
8,9,5,92
7,4,1,81
1,4,0,65
4,8,7,57
4,6,9,90
5,9,3,88
6,4,6,100
4,9,9,100
2,9,3,64
6,4,0,53
8,5,7,94
8,5,9,98
7,9,8,74
6,5,9,99
2,9,8,84
7,8,8,100
5,4,3,69
6,9,8,84
8,5,3,97
8,5,1,83
3,7,9,81
7,7,2,69
1,5,1,49
1,8,0,66
7,6,5,100
9,9,3,100
7,7,6,99
5,9,6,100
8,7,9,100
2,4,0,49
9,4,8,100
6,5,7,85
9,4,9,100
2,4,0,43
3,6,7,80
8,8,4,95
1,5,0,56
7,6,3,93
7,5,6,87
1,8,4,53
9,5,2,90
8,9,3,80
4,9,1,64
5,9,7,89
2,4,1,29
9,8,5,100
6,6,6,94
3,6,6,69
7,7,0,73
9,6,7,100
3,9,8,100
2,9,6,66
7,7,7,94
7,4,3,92
4,6,7,78
9,8,2,100
8,7,0,67
1,6,7,64
1,4,5,64
5,8,8,91
6,8,2,91
3,4,7,77
9,6,8,100
6,5,8,88
4,6,6,81
7,7,9,100
8,7,2,77
9,6,2,76
6,9,1,77
6,7,0,92
8,5,1,70
5,9,4,79
3,5,0,44
3,8,9,69
6,7,3,73
2,9,9,68
6,6,9,100
6,9,0,85
8,8,9,100
7,5,7,93
8,8,4,100
9,4,9,100
6,7,3,85
3,6,2,68
3,5,8,97
1,8,5,71
5,6,0,73
4,7,7,89
9,6,9,100
9,7,1,96
5,7,8,85
4,7,6,81
7,8,2,97
6,7,3,91
4,6,2,75
2,4,5,77
1,6,8,68
4,8,9,100
4,7,8,71
1,4,0,44
6,8,9,100
4,5,5,89
1,5,0,32
1,5,3,46
1,4,6,63
8,6,3,89
8,4,8,100
2,4,9,75
7,4,4,89
8,5,8,100
8,9,0,87
7,6,3,93
5,9,6,85
1,9,1,62
9,4,8,100
7,6,2,70
2,9,3,85
6,7,3,81
2,4,7,80
1,4,1,49
7,4,4,78
2,7,1,56
2,7,5,67
5,5,8,93
5,8,8,91
7,6,0,61
1,8,3,64
8,4,3,100
3,9,0,51
4,4,9,86
9,9,1,97
4,5,5,71
5,8,9,96
7,4,2,79
4,8,8,99
1,5,2,59
9,8,2,100
4,9,8,100
9,6,2,86
6,5,5,90
1,8,5,58
3,4,0,45
2,7,6,73
9,7,8,100
1,5,8,72
9,7,8,100
9,6,1,91
8,5,0,60
8,4,5,91
1,4,5,59
8,5,3,100
3,7,7,69
7,7,4,100
1,4,6,82
1,6,8,54
5,9,0,58
5,7,8,93
8,6,3,91
7,7,6,100
8,9,3,83
6,5,3,78
6,8,3,74
2,4,5,50
6,5,4,75
5,7,1,74
3,9,8,96
6,4,5,81
8,8,9,100
9,8,5,100
1,9,8,76
3,9,0,83
3,7,6,73
8,4,2,83
1,7,3,70
5,8,0,74
3,5,2,69
2,5,6,68
8,6,5,100
3,8,0,76
7,8,8,95
1,7,3,60
6,6,6,92
3,9,3,77
8,6,6,95
6,4,4,81
2,7,0,62
6,9,3,86
7,9,2,79
5,5,5,66
3,4,5,57
4,6,0,71
4,5,1,63
6,8,1,86
1,7,9,73
4,6,3,81
4,8,8,91
1,9,1,39
9,6,7,100
4,5,0,62
7,4,7,100
3,5,2,64
3,7,4,70
8,7,0,69
8,6,0,78
1,5,5,60
2,4,2,59
8,9,7,87
1,7,3,65
8,4,5,85
8,8,9,100
2,6,8,74
4,4,7,84
6,6,3,88
9,8,9,100
8,4,7,100
8,4,6,93
7,9,4,94
9,8,6,99
2,5,6,67
3,4,9,91
8,9,1,100
6,4,6,77
9,9,2,100
4,7,7,89
8,5,7,100
3,4,8,86
3,8,3,54
8,6,9,100
5,8,2,88
3,5,8,81
1,7,8,63
3,7,1,63
9,7,5,100
5,9,2,75
2,8,4,80
7,6,1,76
2,6,3,54
4,9,2,69
7,4,1,67
4,9,5,69
7,6,2,83
7,6,3,100
1,4,5,56
6,8,4,84
9,8,3,88
2,5,3,58
3,8,1,62
5,7,9,96
9,7,3,93
4,5,7,73
1,6,4,66
4,5,9,80
6,4,9,76
5,5,7,75
1,5,5,54
4,9,9,97
6,7,4,84
4,4,3,49
9,9,9,100
5,4,8,91
8,5,9,100
9,9,4,98
5,9,9,86
6,4,5,80
1,4,6,66
7,8,0,95
4,4,8,100
2,9,7,74
5,6,4,72
3,4,2,66
6,7,4,99
8,8,4,88
7,7,8,96
3,7,6,86
8,6,1,73
2,8,4,78
9,5,8,100
4,9,1,74
1,9,7,60
8,4,2,94
7,9,3,79
5,6,1,71
5,9,8,100
7,6,5,84
5,5,8,100
8,6,7,98
6,5,8,99
5,5,4,64
9,5,5,100
2,6,6,69
1,5,4,51
8,6,0,91
3,8,8,83
7,5,1,61
8,6,6,100
6,6,7,100
9,6,7,100
7,4,0,75
5,4,9,92
8,5,6,100
2,9,8,66
7,8,2,98
4,9,7,79
9,5,7,100
1,7,8,71
7,7,7,100
6,8,4,92
8,8,4,85
5,8,2,91
1,4,5,71
1,4,9,73
9,7,2,75
6,8,1,71
5,6,6,85
1,9,9,80
6,7,2,86
6,8,3,100
3,6,9,92
8,8,7,100
1,5,0,47
1,6,8,61
6,9,5,73
1,5,1,56
6,4,2,81
1,7,4,65
6,8,5,92
3,7,8,76
8,9,1,100
6,8,4,95
1,5,6,63
5,6,6,94
8,6,3,92
3,8,2,37
6,5,7,74
5,8,1,67
6,8,4,88
1,8,9,70
7,6,4,100
9,9,0,92
2,8,6,60
5,6,3,66
4,4,9,75
6,5,1,77
6,4,7,75
2,8,3,69
2,6,0,50
4,5,7,91
1,7,6,60
9,5,2,88
7,5,2,86
7,8,6,99
3,4,1,38
3,4,4,72
1,7,6,87
3,8,5,80
3,5,9,93
4,9,6,80
4,4,1,56
3,4,6,67
8,6,1,73
8,5,6,100
1,8,7,76
7,4,9,100
2,8,7,79
1,5,4,52
3,5,6,63
4,4,7,73
6,7,3,87
5,8,1,77
4,8,6,85
8,6,0,67
4,5,1,75
2,5,9,78
3,4,6,64
6,4,9,100
8,4,0,84
8,6,6,100
9,7,4,100
7,4,2,71
2,4,1,45
8,9,6,100
7,4,8,93
8,6,8,100
3,8,9,94
7,7,9,100
9,8,7,98
3,9,1,54
6,5,0,68
2,5,7,52
2,4,1,46
5,9,3,80
5,8,3,90
7,6,1,70
2,7,3,72
7,8,6,88
5,9,5,95
6,9,9,93
8,8,5,100
4,7,3,55
7,8,1,83
6,8,4,85
2,7,2,52
8,6,2,88
9,9,3,93
5,7,4,75
4,4,1,63
6,4,5,90
8,4,5,90
3,4,7,97
1,5,1,35
4,6,7,100
4,5,7,68
1,8,3,58
9,8,6,100
3,7,6,60
5,4,0,51
6,7,0,76
8,8,7,100
6,4,0,56
3,9,2,69
6,6,5,80
1,8,7,60
4,9,4,72
6,7,4,90
7,9,3,100
3,7,3,66
9,8,6,100
7,5,5,71
1,6,7,74
2,9,5,79
1,9,9,80
9,8,6,100
9,8,9,100
7,7,9,100
3,4,4,85
5,4,5,75
4,4,0,43
7,7,2,90
9,4,7,100
2,8,2,71
8,5,0,84
9,5,2,81
9,5,3,100
7,4,7,79
9,5,8,100
9,9,3,97
3,4,6,73
4,9,0,74
2,8,8,74
3,9,3,69
5,8,8,89
5,7,2,55
6,7,4,86
7,9,0,81
7,6,2,83
1,8,4,53
2,4,5,49
9,6,7,100
2,8,0,53
6,4,2,70
1,8,0,46
3,8,4,77
2,4,7,68
3,8,3,68
5,8,8,94
6,8,5,78
9,7,5,100
4,5,4,92
7,8,9,94
6,4,4,88
2,9,6,60
8,8,7,100
7,7,6,93
7,7,0,84
8,9,0,98
1,8,9,77
1,6,5,49
8,9,2,92
4,5,8,84
5,4,6,85
8,4,1,96
5,4,2,64
4,4,7,71
6,7,0,85
5,5,4,73
7,8,9,100
7,8,0,41
4,6,8,77
5,8,6,97
3,5,4,48
4,8,5,92
4,7,2,73
3,9,2,59
5,8,6,88
5,4,6,75
7,4,6,86
4,9,1,72
4,4,1,38
9,4,4,95
6,7,3,93
4,7,6,70
2,7,2,67
6,8,4,85
2,9,1,51
5,4,0,66
6,6,8,100
4,9,3,68
3,6,7,73
7,4,6,93
2,5,0,68
6,9,9,100
4,8,6,88
6,6,1,89
4,9,2,68
4,9,0,63
4,7,6,83
9,5,2,96
7,7,5,84
3,5,6,86
3,5,2,47
6,8,1,67
6,9,8,100
4,7,8,89
9,7,6,100
4,6,4,71
9,9,3,97
4,4,3,69
2,4,0,54
2,6,3,55
5,5,6,70
4,6,4,70
7,6,8,95
5,7,3,68
6,6,2,81
4,5,5,87
2,4,3,53
9,8,1,99
7,9,4,97
4,6,3,81
3,9,4,77
3,6,8,73
9,9,3,100
5,7,5,86
3,7,3,66
5,9,0,73
2,6,1,61
4,6,5,67
2,5,7,67
2,4,8,59
8,4,3,97
1,8,5,64
7,4,2,96
5,8,8,100
8,7,7,100
1,8,0,55
7,8,1,89
5,4,9,83
4,6,8,81
7,7,9,100
2,5,2,66
1,8,2,58
1,8,9,88
1,9,8,86
5,8,2,76
7,6,9,91
2,5,4,64
8,9,5,100
4,4,2,69
3,7,9,69
8,6,7,84
2,5,1,47
3,7,5,78
3,4,1,60
1,7,8,62
6,9,5,91
2,8,8,83
1,8,3,43
2,6,2,55
6,7,1,91
4,8,7,88
6,6,3,86
9,6,1,100
8,9,8,100
1,6,7,72
8,4,4,95
9,8,7,100
6,8,4,100
5,5,6,80
6,4,4,88
6,8,4,74
9,9,3,100
4,8,4,74
2,5,6,51
9,7,2,83
2,7,3,67
9,4,7,100
2,6,5,68
8,5,7,92
9,5,1,96
9,8,8,100
9,9,6,100
2,8,4,60
4,9,6,74
7,5,1,96
2,6,3,47
1,7,6,71
3,4,1,73
4,9,7,82
8,7,9,96
6,4,9,100
2,6,4,58
9,5,4,83
2,6,7,65
5,9,0,67
4,5,5,50
7,8,1,91
8,4,0,87
5,8,6,97
5,5,3,79
2,4,0,56
8,4,9,100
2,8,5,58
6,4,9,99
8,5,5,89
6,9,2,95
4,9,5,71
4,5,9,99
6,8,8,100
4,6,5,81
8,5,0,91
9,9,9,100
1,5,5,73
4,4,7,67
4,4,6,64
2,5,7,54
6,8,7,99
3,6,8,80
7,4,2,76
5,9,6,100
4,4,5,92
5,9,1,76
8,6,4,100
3,4,2,64
7,8,4,80
6,9,8,100
1,4,7,82
7,4,8,100
7,5,8,83
1,8,7,85
9,8,7,100
6,5,5,100
2,9,5,80
5,7,5,86
4,6,9,83
7,8,5,90
8,7,8,100
1,9,9,87
5,6,0,51
3,8,9,75
1,4,5,44
3,8,7,88
6,6,0,82
7,7,5,94
8,4,8,100
4,6,5,87
3,9,1,69
5,6,0,60
9,8,3,100
6,9,5,83
9,5,9,95
6,5,9,100
2,4,8,97
5,6,4,72
9,7,6,100
8,4,5,92
7,9,5,100
1,4,8,77
4,8,4,77
7,9,1,90
7,7,7,100
6,6,2,65
8,9,8,100
6,6,4,97
3,6,0,72
4,4,3,66
3,8,8,77
1,4,0,36
5,5,7,85
1,5,7,58
1,6,8,73
2,8,8,77
4,9,5,79
6,6,4,96
8,9,6,100
3,6,8,87
1,4,4,73
3,6,2,53
3,6,8,76
5,8,9,81
4,8,0,76
4,9,0,84
9,8,9,100
7,6,3,89
4,8,1,78
3,8,6,68
6,7,1,79
3,7,6,77
6,5,7,76
9,4,7,100
6,4,2,73
4,8,8,100
5,5,9,92
6,5,9,84
3,9,9,77
8,7,5,100
4,5,3,67
8,6,7,100
3,9,3,59
7,8,3,84
9,6,7,100
4,4,3,71
8,7,0,84
3,6,5,82
7,8,7,100
3,6,2,64
7,6,1,72
6,5,5,83
2,7,0,46
3,4,4,60
6,8,5,95
4,9,7,100
6,9,6,95
1,8,5,68
1,4,1,64
3,8,7,96
8,5,7,96
8,9,4,82
4,9,2,70
6,6,7,94
8,5,4,90
7,9,2,89
7,5,8,100
4,5,8,94
9,4,6,98
6,9,7,100
3,7,4,69
5,4,4,69
5,4,4,75
5,5,1,69
8,7,2,82
9,4,7,100
9,7,5,100
6,9,8,100
6,5,6,72
9,4,5,100
4,7,3,69
6,8,6,96
4,4,3,60
1,4,6,61
7,4,4,81
6,7,1,72
9,6,6,100
7,9,7,100
7,4,9,90
2,8,1,46
9,8,5,99
9,5,3,95
6,6,4,81
3,6,0,79
1,7,5,72
4,5,7,79
3,7,1,58
1,5,0,43
3,9,8,96
4,6,1,63
8,9,7,100
9,7,4,88
3,5,1,65
6,6,4,75
5,6,8,93
6,4,5,66
4,7,2,77
6,4,7,96
7,6,0,79
9,7,8,100
7,7,8,100
6,9,3,88
1,8,7,64
2,5,2,67
1,8,5,67
9,8,9,100
9,6,9,100
7,9,7,100
2,5,8,68
6,8,7,100
4,8,8,88
1,7,3,62
1,6,9,73
5,8,0,64
2,5,6,59
4,4,9,78
1,4,3,50
4,6,0,58
6,4,2,92
4,7,6,88
1,7,2,58
7,5,0,82
2,9,6,59
9,6,7,91
3,6,4,67
8,4,5,100
8,8,2,97
3,8,4,80
4,9,2,65
2,8,1,47
4,9,6,99
9,5,9,100
2,6,6,85
3,4,7,68
4,5,0,55
5,7,1,60
1,7,1,47
7,7,2,80
7,9,6,95
9,9,6,100
4,6,6,59
6,7,0,82
2,9,1,45
4,9,7,99
2,8,8,86
5,9,9,100
7,7,6,100
1,5,0,30
7,7,3,89
6,8,9,80
6,7,7,100
8,4,4,94
8,8,0,81
6,6,6,100
3,7,5,66
5,9,8,99
2,5,3,50
5,7,3,78
9,5,7,100
1,4,3,63
5,6,2,66
6,9,6,90
7,8,4,91
9,8,8,100
6,6,4,93
5,4,8,85
7,4,5,96
1,7,5,39
5,4,5,67
2,7,6,83
4,5,3,70
7,6,3,63
5,5,8,92
6,5,6,89
2,5,9,97
3,5,5,61
7,8,0,71
2,4,6,56
6,6,5,61
5,6,3,78
1,9,7,78
4,5,6,84
2,6,7,82
4,7,8,98
1,6,0,51
2,5,2,67
8,6,1,100
6,4,2,68
2,5,1,44
6,8,5,87
9,4,8,100
7,6,1,69
9,8,3,100
5,9,4,93
7,4,4,83
7,9,0,69
3,7,5,62
7,4,4,100
1,8,5,55
9,9,3,100
6,7,5,90
5,9,8,100
7,6,0,83
5,5,5,85
5,9,0,77
7,6,6,100
7,5,3,82
3,5,5,78
3,8,6,83
3,7,4,76
6,7,8,100
6,4,7,94
3,6,2,61
3,8,0,63
8,9,9,100
8,6,7,100
7,9,3,87
4,9,6,100
4,9,3,79
3,4,6,60
5,4,0,56
3,8,0,63
8,4,1,86
7,8,4,100
3,4,9,72
9,7,5,100
5,8,1,65
9,7,0,97
7,7,8,100
7,8,6,78
6,6,7,93
2,5,5,79
9,4,8,100
6,9,7,100
8,4,3,92
1,9,4,51
5,6,1,73
1,5,0,48
8,6,5,89
8,5,2,73
1,8,3,56
9,8,0,100
2,9,5,58
9,7,7,100
1,7,9,84
9,9,3,100
4,8,9,85
9,9,7,100
7,7,9,86
6,9,2,91
5,8,6,93
9,6,2,92
2,4,5,73
2,8,3,74
9,9,5,100
3,8,6,76
8,8,7,100
9,7,5,100
8,9,3,96
4,7,8,84
1,9,6,74
4,7,8,81
9,7,2,97
2,6,4,59
3,8,0,70
8,6,7,95
6,7,0,77
8,6,0,67
7,8,6,100
5,8,7,95
9,7,2,100
4,8,1,71
6,6,6,65
2,5,9,91
2,8,4,85
2,6,0,51
7,6,1,77
2,6,2,64
2,8,5,62
9,5,0,67
7,7,7,94
3,7,1,65
3,8,4,61
7,8,7,100
5,4,4,71
6,9,7,100
8,5,5,86
9,6,6,100
1,9,7,89
3,6,2,50
7,9,4,93
6,7,9,100
7,9,6,92
8,8,8,100
6,5,5,83
3,7,9,83
2,9,0,61
7,5,7,99
1,8,5,65
3,6,0,50
4,4,3,70
1,5,5,72
5,6,9,91
3,5,0,53
2,5,9,81
3,5,4,71
8,8,2,98
6,7,6,88
7,5,7,100
6,8,2,97
6,4,9,85
3,7,2,55
8,8,2,81
7,4,5,75
7,7,5,100
6,8,2,78
5,4,5,84
8,8,8,89
5,4,7,83
9,5,6,100
9,5,6,100
1,7,7,79
6,4,6,81
7,5,2,81
3,7,7,96
7,6,7,100
7,5,0,61
2,5,9,78
7,9,4,100
1,8,4,62
5,6,0,48
9,4,5,100
7,7,5,100
7,6,3,100
2,4,5,42
8,5,5,100
3,9,0,56
8,7,4,100
3,7,1,78
7,6,6,90
2,8,8,76
4,4,8,80
6,9,8,100
9,9,6,100
5,6,6,83
9,8,0,95
5,8,5,100
8,8,4,89
1,7,7,61
7,4,7,84
4,4,3,63
5,6,0,58
6,5,5,78
5,6,9,87
1,4,0,47
9,7,4,100
2,6,4,64
9,5,2,99
2,9,4,63
9,6,5,100
6,8,4,88
9,5,0,74
6,8,6,84
6,7,2,74
2,4,6,59
8,6,4,96
3,6,2,48
7,8,5,97
5,8,0,67
3,4,5,89
1,6,3,63
8,4,3,85
3,8,4,70
2,9,8,93
1,8,0,52
4,5,2,56
8,8,3,100
3,8,1,74
1,9,8,89
4,4,6,58
9,5,0,82
1,5,8,87
2,6,5,71
9,9,1,100
2,7,0,50
3,6,5,63
7,6,6,81
3,6,9,74
9,5,5,100
6,4,6,80
3,8,5,78
9,5,7,100
1,8,1,50
3,8,8,78
1,7,8,89
2,6,8,60
8,7,6,100
7,6,8,100
2,5,0,69
2,8,2,57
9,7,1,70
6,9,0,77
5,5,4,74
6,5,0,71
9,9,2,100
7,6,5,100
9,8,5,91
4,6,2,75
2,6,3,38
8,5,6,100
4,6,5,76
9,4,1,98
4,9,8,93
8,9,5,79
9,8,1,100
9,9,6,100
4,6,9,73
1,6,9,85
3,7,3,59
9,8,0,77
4,8,9,85
5,9,8,100
7,6,9,100
5,4,7,73
4,7,4,68
2,4,2,64
2,6,3,53
4,8,2,79
9,8,9,100
8,4,7,95
3,5,4,66
9,6,7,100
5,8,0,80
3,9,8,84
5,5,9,89
4,8,2,59
8,9,0,99
5,8,2,82
8,5,1,70
9,4,6,100
4,6,9,75
7,5,3,94
2,5,6,77
6,8,2,95
8,9,5,100
7,5,6,100
7,6,6,90
8,4,4,100
7,9,5,100
5,4,2,66
7,4,3,77
3,6,5,81
5,8,2,50
7,9,6,100
9,9,2,88
2,6,8,78
4,9,3,52
7,5,1,99
1,7,5,67
2,7,8,86
9,7,9,100
7,4,9,95
7,9,1,69
6,6,3,93
3,9,4,68
3,6,8,62
2,9,6,82
6,4,4,88
4,5,5,58
5,7,8,100
3,7,3,67
6,9,1,98
3,4,4,59
8,7,6,99
9,9,3,98
4,8,0,77
9,9,7,100
7,6,4,89
3,7,9,91
7,7,1,65
1,8,2,51
3,5,9,90
6,9,9,100
4,5,4,77
7,9,3,94
3,8,8,86
1,5,8,63
9,4,7,100
6,8,1,86
8,9,4,87
3,6,7,74
8,6,7,100
2,6,6,61
4,9,3,73
3,7,2,82
1,8,7,81
7,8,7,98
2,5,9,79
4,8,4,78
9,8,2,100
6,5,4,68
8,8,3,97
2,8,7,64
7,4,1,55
6,9,7,100
9,5,9,100
7,4,5,85
1,7,3,61
8,5,2,100
3,9,9,90
2,8,4,74
3,8,5,67
6,4,0,48
3,4,0,48
5,7,9,100
6,7,2,90
8,9,1,84
7,8,0,100
8,6,7,99
3,7,0,60
4,8,9,92
6,7,7,93
7,5,4,80
9,4,3,93
1,8,7,84
8,7,7,100
8,4,7,100
6,6,2,78
4,7,7,95
3,8,0,59
3,5,3,65
6,4,4,93
8,4,5,93
7,5,4,97
1,8,4,61
6,9,4,98
7,6,8,100
7,9,9,95
9,5,9,100
5,6,2,51
1,8,1,33
2,7,9,82
4,7,1,81
5,9,7,91
9,8,4,97
1,6,4,56
3,9,5,80
5,5,8,87
3,9,6,68
4,8,4,82
3,8,4,67
4,7,9,81
1,5,8,56
8,7,8,100
4,6,1,35
7,6,6,100
2,4,9,74
2,8,0,53
6,5,3,76
2,5,1,30
6,7,9,100
2,9,8,68
4,9,5,85
7,7,3,100
8,9,2,100
3,5,3,57
9,7,1,95
2,9,4,70
8,4,8,100
8,8,5,96
4,4,1,32
1,9,5,56
1,6,8,79
2,5,3,60
9,4,0,51
2,4,1,61
2,7,4,79
6,7,9,100
7,7,6,81
7,9,7,90
9,6,2,100
6,4,8,95
8,8,1,94
6,7,3,80
2,6,3,61
1,9,5,73
5,6,9,94
9,7,5,97
8,5,2,90
4,4,8,86
5,7,4,81
5,8,1,53
6,4,5,80
3,6,2,81
5,8,7,92
2,4,2,37
1,8,4,55
1,6,3,53
7,7,3,82
2,8,1,49
4,7,7,83
5,6,2,73
7,6,3,95
2,8,5,83
6,8,8,73
1,6,3,57
7,8,2,71
9,8,4,100
5,8,8,75
5,9,0,62
4,8,4,84
3,4,3,65
9,6,4,100
5,6,6,93
8,5,6,93
9,7,6,100
5,5,0,75
9,8,8,100
2,8,6,77
9,4,3,96
4,4,3,58
6,4,1,70
6,4,5,71
6,4,9,93
2,4,2,56
7,4,0,66
6,4,4,93
1,9,5,67
2,4,4,64
7,6,4,88
1,4,9,79
1,7,7,82
1,4,9,84
8,9,0,88
4,8,7,92
4,9,6,85
2,9,0,68
1,8,8,80
9,4,3,96
7,4,6,84
4,8,2,71
6,7,7,93
2,5,3,49
7,6,1,81
2,8,1,61
8,4,7,96
8,6,7,100
1,4,0,43
8,5,5,95
2,5,8,71
6,8,8,86
1,6,1,58
5,9,7,88
7,6,7,98
1,9,3,58
2,5,3,72
7,4,4,79
6,9,9,100
3,9,6,84
2,8,0,53
4,7,8,79
3,5,2,64
7,9,3,80
8,5,6,100
2,8,4,65
7,4,4,79
8,6,0,87
6,5,1,78
6,8,4,95
1,8,1,44
4,8,0,69
1,6,9,73
4,5,2,61
2,9,0,58
5,8,9,100
9,6,7,100
3,4,7,74
8,7,7,97
3,5,6,76
6,6,6,94
4,7,1,47
8,7,8,100
6,6,6,93
8,9,4,100
1,9,3,56
6,6,7,100
1,6,4,57
1,8,5,58
8,4,3,85
7,9,1,93
3,8,6,68
6,7,1,67
9,7,6,100
7,7,6,99
3,6,0,55
6,5,9,91
4,8,9,100
3,5,2,61
9,4,2,72
2,4,5,51
1,8,2,64
2,7,8,63
7,9,4,90
1,4,5,72
6,5,5,94
7,5,7,100
9,9,9,100
8,6,2,78
6,7,8,82
3,6,6,75
8,8,5,99
7,4,0,65
3,9,3,74
9,9,4,100
2,9,1,58
3,6,0,63
2,6,1,54
1,8,7,71
4,5,9,92
5,5,5,81
6,8,9,100
5,9,1,78
1,5,8,65
3,8,7,71
1,5,3,54
5,8,9,98
5,5,6,89
6,9,2,85
8,6,5,97
1,6,2,51
4,9,9,91
1,5,2,56
9,9,8,100
7,8,5,94
7,6,7,100
5,4,3,57
7,5,3,88
2,4,7,58
4,4,6,100
7,7,4,93
3,4,1,73
2,4,5,65
2,9,0,54
1,7,6,60
5,7,8,82
6,7,4,80
6,8,4,89
9,7,6,100
4,9,4,74
1,8,9,79
6,5,3,87
5,8,0,61
6,5,5,83
3,7,8,77
2,7,3,60
6,5,9,100
1,6,3,43
7,9,4,86
7,8,5,82
7,9,2,90
1,9,8,86
4,4,0,43
7,7,5,93
9,8,5,100
5,9,7,97
2,8,4,61
7,9,8,99
1,7,8,76
7,9,1,96
6,5,4,58
7,7,6,100
3,8,1,54
3,6,6,76
7,9,8,100
2,5,7,68
1,7,9,56
9,4,8,100
9,7,3,100
7,8,7,94
7,8,8,100
3,4,9,76
2,5,1,45
7,8,9,100
9,5,2,84
1,5,0,35
4,7,0,47
6,5,9,74
7,9,5,100
7,8,0,94
2,8,4,60
4,6,5,81
5,5,8,94
1,6,5,46
1,7,3,53
3,6,0,54
3,5,5,67
8,8,6,100
9,7,4,100
1,5,5,63
2,7,9,96
2,4,7,60
4,5,0,61
2,4,7,90
7,6,1,70
9,5,1,78
7,4,7,100
6,9,1,88
1,8,7,92
9,6,4,86
5,5,8,86
5,5,8,90
6,8,7,98
9,8,8,100
8,4,6,99
8,4,7,88
8,4,5,91
1,7,8,66
1,6,1,46
8,5,2,97
5,6,1,85
9,8,5,93
2,9,2,81
9,6,0,85
8,6,3,89
9,4,4,80
4,8,3,61
1,6,5,57
1,5,2,33
5,4,9,97
2,6,5,70
8,8,9,100
5,9,0,68
5,5,5,91
2,9,7,80
7,8,9,100
8,8,7,100
1,8,0,42
2,9,6,71
4,7,9,64
5,5,9,92
2,8,3,69
1,7,5,56
9,4,5,100
1,7,4,56
4,4,9,87
2,9,8,83
4,7,9,87
8,9,7,100
8,8,5,100
9,7,3,94
5,7,3,81
7,8,8,100
3,4,3,66
4,8,6,86
9,5,5,97
1,7,1,46
2,5,4,80
5,8,2,92
3,9,8,93
2,8,9,81
1,6,0,45
3,5,9,80
1,6,3,65
1,5,3,47
1,9,8,91
8,6,0,96
3,6,1,55
1,5,0,43
7,8,0,85
3,4,0,73
8,8,2,98
4,4,3,58
4,5,9,90
5,7,1,63
6,8,0,68
7,6,4,90
4,8,5,55
8,5,1,92
6,7,2,86
1,7,9,74
1,8,2,66
9,8,1,100
6,9,3,93
8,8,4,97
7,5,7,100
6,4,5,70
4,9,8,100
7,4,2,92
9,6,9,100
7,5,8,75
1,9,3,61
9,7,7,100
4,9,9,100
3,6,6,64
4,7,6,84
4,9,8,92
2,7,9,82
1,8,1,55
1,7,4,73
8,9,2,100
2,7,6,74
5,5,2,71
4,8,4,79
8,8,4,100
2,6,1,55
9,8,0,99
7,4,5,100
7,5,0,81
1,6,8,65
2,4,9,65
4,7,4,87
4,4,0,53
3,6,7,66
7,8,0,83
8,5,3,97
2,6,6,53
4,4,3,71
3,4,4,71
2,6,6,69
6,9,3,90
4,9,4,74
6,6,6,83
2,9,0,64
4,6,2,77
6,8,0,81
5,6,2,66
3,7,1,51
8,5,4,100
7,5,9,94
3,7,4,78
6,4,9,74
4,4,8,89
5,4,7,91
5,4,2,80
7,8,0,76
5,7,4,79
3,5,2,53
5,7,4,72
7,5,8,84
5,4,0,65
5,8,0,66
9,6,8,94
3,6,2,52
6,9,9,100
1,4,4,55
5,4,8,77
8,7,4,89
5,8,2,60
9,8,8,100
6,7,6,86
8,8,6,100
8,8,7,100
3,6,4,69
7,8,1,88
7,4,8,96
6,6,2,76
7,4,1,84
2,4,9,57
9,7,9,100
1,9,4,67
1,8,7,75
3,8,2,73
3,8,5,70
1,8,8,75
7,6,1,68
4,5,7,98
2,4,9,60
5,9,6,92
6,9,2,96
9,5,0,88
4,5,5,68
2,5,1,48
5,6,2,68
3,5,4,75
2,6,7,80
1,7,1,59
2,7,5,60
6,9,0,93
8,7,6,100
3,6,3,75
9,6,0,80
9,4,8,100
2,5,8,70
8,8,2,91
5,8,5,71
4,5,6,78
5,8,3,89
4,8,5,90
8,8,8,100
4,9,9,100
6,6,5,95
2,6,6,64
5,6,5,95
6,5,6,98
5,7,0,91
2,9,5,77
7,9,8,100
4,8,2,85
8,4,5,77
7,6,3,86
7,9,6,100
9,9,6,100
1,4,8,54
6,8,3,89
6,9,7,93
6,9,7,100
6,7,7,94
7,4,7,85
6,8,5,95
1,8,7,62
3,6,5,91
2,7,9,78
6,8,1,99
8,7,2,78
3,6,5,63
8,4,6,100
8,9,3,100
5,9,0,78
8,5,3,80
6,5,5,86
5,5,7,90
9,9,3,77
7,7,9,100
8,5,0,97
1,4,4,47
2,8,6,89
8,7,5,94
9,9,2,100
4,4,6,77
9,9,3,100
4,7,4,75
9,7,6,100
7,7,1,90
2,6,3,54
9,8,3,100
4,5,5,80
8,6,6,94
7,8,3,100
7,9,9,100
8,5,0,63
1,6,0,40
5,6,4,77
2,4,0,43
2,6,2,72
1,7,8,79
5,9,2,79
2,6,2,40
4,7,8,95
3,8,4,84
3,8,7,86
2,7,9,84
6,4,8,94
2,4,5,75
8,8,6,99
8,9,6,100
5,6,6,88
7,8,3,93
4,8,1,57
1,7,1,64
2,4,6,57
4,9,9,97
1,7,6,63
8,8,9,100
9,5,6,100
4,6,7,84
3,8,2,74
2,7,4,60
5,5,5,75
3,5,7,71
7,8,7,100
6,9,9,94
1,4,2,58
8,5,3,100
2,6,5,68
5,7,3,75
9,7,9,100
8,7,3,82
2,8,4,61
9,7,9,100
5,7,6,95
6,6,1,63
3,4,1,64
3,9,9,69
8,8,8,100
2,8,3,63
2,7,4,49
5,6,2,69
6,5,1,70
2,7,9,86
5,7,7,100
7,8,3,81
8,8,0,76
7,7,5,93
8,8,5,100
9,6,1,92
5,5,1,65
5,5,7,92
4,5,6,85
9,7,1,91
5,9,9,100
2,7,0,37
8,7,7,100
7,6,9,100
8,5,1,69
3,8,4,74
4,8,5,87
5,4,9,90
6,4,0,60
1,9,1,58
4,8,9,100
5,5,3,68
7,7,1,90
5,8,5,80
1,9,3,74
7,9,2,90
8,8,5,96
7,4,8,100
4,5,7,90
8,8,1,84
5,7,2,74
9,7,1,85
5,6,9,100
1,7,6,77
9,8,8,100
5,8,0,74
6,7,2,87
4,4,5,62
6,5,3,82
8,9,9,100
3,8,9,100
5,7,0,72
2,9,8,60
2,7,6,64
7,8,6,99
6,6,0,80
4,5,8,96
5,8,7,78
1,9,9,73
7,7,4,81
8,6,3,70
9,8,0,91
8,5,8,100
5,6,7,85
3,9,1,58
9,7,3,94
6,4,3,70
5,5,6,100
3,6,2,55
6,8,7,98
3,8,6,89
6,6,9,100
4,8,3,74
2,6,8,87
8,5,5,100
4,8,2,65
9,5,6,99
7,7,5,92
2,7,7,71
4,7,4,53
5,7,5,97
3,8,0,53
9,6,7,100
5,8,0,55
2,9,2,74
3,8,1,71
9,5,5,95
7,6,7,88
2,4,7,65
9,4,6,100
4,6,6,76
9,4,7,100
2,6,4,75
4,5,2,74
5,5,1,74
2,8,2,71
1,4,2,47
7,6,6,100
1,5,0,30
8,8,6,100
3,4,5,68
6,4,9,94
7,4,1,78
1,5,9,61
6,5,0,54
7,4,8,100
6,5,1,52
4,4,3,80
1,7,8,68
9,5,8,100
4,6,0,56
7,5,1,88
7,4,1,90
2,6,1,46
1,8,7,79
8,6,7,100
8,6,9,100
7,5,7,94
8,9,3,100
3,6,7,85
2,6,6,56
7,4,7,92
8,5,0,65
1,4,2,51
9,5,9,92
4,8,5,80
4,9,0,67
3,6,3,73
6,5,8,100
1,6,6,64
6,6,0,86
2,7,5,87
9,4,5,95
2,9,1,73
7,5,5,99
1,8,9,80
7,9,1,93
5,7,7,99
8,4,6,88
4,8,5,85
7,8,9,100
6,6,5,81
5,4,8,88
4,7,8,84
7,5,9,92
5,5,9,79
5,7,1,70
1,6,2,61
2,6,9,82
5,8,6,72
3,4,9,100
2,8,8,67
4,5,5,89
4,7,0,74
4,4,6,96
4,7,0,65
3,4,4,66
7,9,8,100
9,5,9,99
5,5,9,94
4,9,8,76
2,4,0,41
2,6,5,70
5,4,2,72
7,5,8,73
9,7,2,89
7,8,1,87
5,7,7,100
6,5,2,73
3,7,4,56
5,6,5,91
8,6,9,100
1,4,9,83
1,7,0,41
7,7,6,82
5,5,6,89
5,4,4,74
1,4,8,57
9,7,1,93
1,8,4,69
5,7,1,67
9,7,1,86
4,7,8,93
8,6,6,100
6,9,3,80
3,4,7,67
4,9,3,76
2,6,0,60
1,8,9,84
8,5,2,81
1,8,9,68
1,4,0,35
4,5,1,56
6,9,1,85
9,8,6,100
1,4,3,61
7,8,9,100
5,5,8,91
8,5,1,74
7,8,8,100
4,6,5,95
4,8,9,82
6,9,7,100
6,8,6,92
9,8,7,100
5,6,8,84
8,7,7,100
5,5,5,79
2,9,7,87
6,4,7,74
9,5,1,78
3,5,1,80
1,7,0,37
1,5,9,74
3,5,1,44
5,6,6,81
3,6,2,65
9,6,3,100
8,6,3,100
3,6,3,61
9,9,1,100
6,4,5,81
7,7,0,99
4,8,4,76
4,9,1,84
2,6,8,83
5,7,1,71
8,8,5,97
7,5,3,79
7,9,5,82
6,5,1,49
3,7,1,50
5,4,6,87
1,4,2,54
7,7,2,100
9,4,6,100
1,4,7,52
2,5,6,55
3,4,2,61
3,4,2,53
8,7,6,100
7,4,2,88
6,9,1,87
4,6,6,97
9,6,2,73
1,7,4,63
2,6,6,80
4,5,1,65
3,9,7,84
1,9,1,80
5,7,3,75
7,4,3,100
2,6,7,68
5,5,0,73
6,7,8,95
7,7,5,77
1,4,3,41
7,8,5,99
4,6,5,83
8,5,8,100
4,7,3,77
6,6,7,89
9,5,0,78
5,9,5,100
4,9,4,93
8,5,2,82
9,9,3,80
4,7,7,88
3,6,9,86
8,5,1,100
5,7,7,94
2,6,6,76
9,6,0,75
3,7,1,60
2,6,6,71
1,8,2,42
8,5,1,76
3,5,0,53
7,6,6,82
1,7,2,42
1,4,5,49
9,9,9,100
8,6,7,96
3,4,5,60
6,6,6,84
3,4,5,95
4,6,6,97
1,7,4,67
5,9,8,94
1,4,2,39
1,8,5,66
7,7,8,100
6,9,0,69
2,6,4,67
2,4,3,50
7,9,8,100
1,5,0,43
2,7,3,72
8,4,0,57
6,7,2,82
2,4,3,63
7,5,0,77
4,8,4,72
2,5,5,78
6,6,0,67
9,7,9,100
9,8,9,100
8,7,3,79
3,9,3,71
3,4,0,60
2,6,1,61
5,6,9,100
4,7,4,89
7,6,1,64
4,7,2,74
9,4,8,100
2,4,4,51
6,7,0,66
7,5,4,91
4,5,2,52
6,4,0,63
7,8,2,85
4,5,5,94
8,7,9,100
9,4,4,89
1,6,0,41
7,6,1,89
9,5,4,85
5,8,8,87
2,9,4,73
6,5,4,90
7,8,0,82
2,5,4,48
2,6,7,67
1,8,8,72
4,6,9,83
7,7,2,84
9,7,3,100
3,4,6,52
7,6,6,91
7,6,0,86
7,4,5,61
2,7,8,85
6,7,4,80
2,8,7,100
6,8,9,100
3,9,8,100
2,7,9,70
6,9,9,100
2,5,2,71
5,6,0,64
2,8,1,69
3,5,4,66
3,8,9,100
6,4,6,76
6,6,5,97
3,9,3,53
3,9,8,84
1,8,3,51
7,7,2,77
8,9,4,100
2,4,3,44
4,4,1,46
7,7,2,86
8,4,6,100
1,6,1,46
4,8,0,55
6,4,1,69
3,6,7,76
5,7,7,75
9,8,9,100
3,7,1,45
5,8,5,98
8,4,6,97
6,4,0,66
4,8,6,94
8,6,7,100
3,6,8,97
3,6,7,80
4,5,2,76
9,9,7,100
5,9,2,90
8,9,5,100
6,6,3,88
3,4,6,72
8,5,7,96
9,6,9,100
8,4,5,78
4,5,9,79
6,4,3,69
1,8,7,90
4,4,6,70
8,5,9,100
1,6,7,46
3,9,9,76
1,5,6,65
9,6,2,93
2,6,2,70
9,7,8,100
4,8,6,77
2,7,0,44
4,9,2,85
6,5,0,75
7,7,5,99
3,9,1,60
3,6,6,85
8,5,7,100
5,7,5,81
4,4,4,61
7,9,9,100
7,9,3,100
9,8,8,100
9,4,7,100
5,5,4,78
8,7,0,78
1,6,7,73
9,7,7,100
8,5,6,93
6,5,6,94
3,5,7,66
3,5,0,47
8,9,2,94
5,7,3,78
7,4,5,91
5,6,9,100
8,6,9,100
4,8,8,96
2,9,3,84
3,5,5,51
8,5,8,100
7,5,8,93
2,9,5,70
6,4,4,73
9,5,2,86
4,8,4,78
9,8,2,100
2,4,4,56
2,9,9,76
9,5,9,95
7,7,0,82
7,7,5,100
1,6,6,60
6,4,1,66
7,7,2,91
6,6,9,94
6,8,8,90
2,6,7,74
6,5,3,89
4,5,7,58
9,8,7,100
1,4,5,46
8,9,0,84
5,5,1,80
1,5,3,32
4,6,3,69
1,6,1,51
6,6,8,100
2,7,1,44
5,8,5,99
7,4,4,90
2,6,3,51
6,4,5,80
6,6,3,71
5,5,8,85
5,4,9,100
3,7,6,88
2,6,2,52
7,9,9,100
1,8,3,73
6,5,0,67
6,6,5,91
3,4,1,48
2,6,3,63
2,5,4,61
9,8,7,100
5,8,2,81
7,8,5,70
5,9,0,76
7,5,8,96
4,9,0,57
8,9,1,99
7,6,0,79
5,5,7,86
6,5,3,75
5,6,1,83
7,7,6,98
2,9,7,71
5,8,8,100
3,4,4,93
9,9,2,92
6,4,0,63
3,6,7,63
7,4,5,86
4,7,4,71
3,5,6,79
8,8,4,95
4,4,3,64
1,4,4,63
6,6,6,98
1,6,5,57
5,5,9,100
7,8,9,100
6,4,8,80
2,5,9,80
4,8,1,70
2,5,6,65
1,4,0,33
3,6,7,71
3,6,3,60
7,6,7,91
1,7,7,71
9,5,3,87
6,4,3,74
4,5,4,60
3,6,6,71
3,9,5,86
2,9,0,58
2,5,5,65
5,8,2,69
9,9,8,96
2,9,2,53
2,5,8,73
6,7,4,76
2,7,9,61
4,6,7,92
6,4,8,100
5,8,8,68
1,4,6,64
6,4,9,86
1,8,0,47
3,7,7,82
5,9,6,89
5,6,3,85
6,5,5,73
8,7,9,100
5,6,1,85
1,9,3,74
5,7,7,96
3,8,3,55
4,4,9,99
8,8,3,76
7,9,3,82
5,5,9,98
2,8,8,95
6,9,1,71
6,4,6,91
6,7,2,90
9,6,3,92
8,9,0,68
8,9,2,100
1,5,1,56
5,7,9,96
7,9,6,100
6,9,5,100
5,6,0,68
8,4,7,92
3,8,8,76
6,7,0,82
5,6,4,82
8,6,6,99
4,8,1,90
8,7,5,100
2,7,7,66
9,4,7,100
9,7,9,93
6,9,9,97
4,8,7,83
4,7,5,66
6,4,5,63
5,6,2,59
6,9,1,79
7,7,4,89
7,8,8,96
9,7,3,100
8,5,4,90
6,4,5,70
6,6,5,83
5,5,3,76
1,8,3,56
9,7,7,100
9,4,4,94
9,9,4,96
8,7,8,99
3,7,3,75
1,7,6,82
8,9,4,99
7,7,8,100
5,4,7,98
7,9,7,100
4,9,9,73
9,5,9,100
2,8,2,63
9,9,8,100
9,5,7,100
5,4,2,64
1,8,9,72
7,9,0,93
4,6,4,71
9,5,3,100
6,4,7,94
3,4,5,58
6,4,9,89
6,8,4,87
5,7,8,82
2,6,5,64
2,8,2,58
7,8,5,100
2,9,3,73
6,5,4,61
5,6,5,68
4,4,8,76
7,8,2,94
8,6,0,84
4,5,1,74
1,7,7,48
1,6,3,43
1,4,6,52
1,8,1,44
5,7,9,83
4,5,7,79
9,4,9,100
3,7,8,72
7,9,6,100
8,9,9,100
6,5,0,73
1,4,1,44
8,8,8,100
3,5,9,79
8,7,6,100
4,4,2,51
8,9,4,100
1,9,0,61
3,6,9,86
6,4,2,69
9,7,3,99
2,7,3,63
1,6,6,71
3,7,4,64
4,4,8,87
5,9,6,87
3,5,1,77
2,9,7,75
2,9,1,50
7,4,6,81
9,7,4,88
2,6,9,70
7,6,5,83
7,8,3,93
7,6,4,88
3,6,4,70
7,7,6,87
1,5,3,47
1,5,4,66
5,7,3,72
2,6,3,66
9,4,7,84
7,9,4,86
4,9,8,100
4,5,4,73
2,7,7,45
5,4,2,62
4,6,6,74
1,7,0,50
8,5,4,71
3,4,1,53
6,4,7,74
4,5,5,64
9,4,4,96
7,9,2,91
9,5,0,93
3,9,9,99
1,7,9,80
5,8,9,100
3,6,9,100
6,7,7,96
8,9,4,100
4,6,8,70
5,6,6,94
5,9,0,69
4,9,0,71
4,5,6,64
4,8,6,81
4,9,8,88
4,6,1,70
5,6,6,71
2,7,1,62
2,8,9,83
9,8,9,100
2,6,1,71
6,8,4,99
2,7,8,91
5,5,8,93
4,6,9,97
7,4,0,79
7,6,6,100
6,6,9,79
5,5,9,81
1,9,2,54
3,9,9,82
9,4,9,100
1,4,0,41
5,4,1,66
2,9,5,46
4,5,9,95
1,8,1,65
3,4,1,53
7,8,3,78
3,7,2,56
4,5,7,91
2,8,7,69
3,9,5,69
9,9,3,100
3,4,6,76
5,4,8,87
2,8,1,46
4,9,5,87
7,8,6,98
7,7,0,79
3,5,5,64
5,9,7,100
1,6,6,59
1,9,1,40
5,7,1,58
9,9,3,100
1,7,4,56
1,9,4,68
4,7,1,61
4,4,6,88
2,8,7,78
9,9,1,95
9,5,3,100
2,4,2,68
9,7,3,97
6,5,4,67
8,4,5,90
4,6,1,74
2,9,9,91
2,9,5,69
9,7,8,96
1,4,7,63
7,4,0,85
3,7,8,90
3,6,9,68
2,9,1,69
6,8,0,83
2,6,5,88
4,7,0,56
9,8,5,100
9,4,1,92
6,6,6,85
4,6,6,79
7,9,3,86
1,9,1,56
4,8,6,85
5,4,0,68
8,6,1,79
2,8,1,88
5,6,0,77
6,9,8,99
5,4,5,63
9,4,2,83
1,5,5,58
3,8,6,62
2,9,2,56
3,9,3,83
9,9,9,100
9,7,0,88
2,6,5,59
3,4,5,71
4,6,8,84
9,6,1,79
3,7,4,69
7,4,4,98
3,5,6,79
7,9,4,100
7,8,9,100
9,6,3,100
2,7,9,70
6,7,1,82
9,8,7,100
2,8,4,58
2,4,3,60
5,6,8,85
8,6,1,66
9,8,2,95
2,9,7,68
5,5,3,75
7,6,8,96
6,7,9,82
6,9,9,100
7,8,9,92
3,6,9,76
3,4,8,69
9,8,9,100
8,7,8,100
5,4,0,53
6,8,5,84
1,8,9,80
1,6,5,67
4,4,7,92
2,8,6,75
7,9,6,100
2,7,1,47
2,4,3,56
5,9,0,74
4,6,6,79
8,5,3,100
4,8,8,100
6,5,5,79
5,8,5,99
2,9,8,89
8,6,7,100
2,6,5,79
9,6,5,80
9,6,5,100
3,4,3,56
4,4,4,65
8,8,2,91
9,4,8,100
3,8,1,54
5,4,6,91
8,4,0,76
3,4,9,91
7,7,6,100
8,6,1,95
3,7,4,81
2,4,0,37
7,4,4,75
9,7,3,100
1,9,0,58
3,8,0,49
5,6,6,80
3,8,2,74
1,9,9,85
7,6,8,84
7,5,8,95
8,6,9,100
5,8,8,97
5,6,0,60
5,5,3,81
1,5,0,67
5,4,0,77
6,5,8,86
1,7,4,73
7,8,0,80
1,7,2,37
2,9,6,60
2,7,1,65
5,8,3,72
7,9,1,76
1,7,8,73
1,7,8,81
1,9,6,68
6,7,6,92
2,5,1,58
1,8,9,73
6,8,7,89
2,8,0,73
6,7,7,86
8,5,4,81
2,8,3,89
9,6,9,100
8,8,1,82
1,4,2,47
7,6,9,100
6,8,1,60
6,7,3,75
6,8,2,82
6,5,4,61
7,5,6,99
3,8,8,100
6,7,4,91
3,7,7,78
7,7,1,73
7,8,5,89
8,8,7,100
2,4,8,64
9,5,3,76
5,6,3,77
9,6,6,98
5,5,3,65
7,9,4,95
9,4,1,77
4,5,1,85
2,4,9,66
9,9,4,100
2,4,9,70
3,7,9,97
2,5,1,50
3,6,5,75
6,8,5,88
3,9,7,100
8,9,0,91
6,8,6,86
7,5,6,90
1,8,8,77
3,4,3,68
3,8,6,76
2,4,5,79
7,4,3,91
9,6,9,100
4,8,7,100
5,6,2,70
3,8,7,82
9,4,4,86
4,8,3,83
5,9,2,93
1,9,9,90
2,6,6,75
9,7,6,100
2,9,5,64
5,6,2,74
8,7,8,98
3,5,1,66
6,6,2,66
4,9,0,71
7,9,6,100
3,8,1,66
6,7,9,89
9,9,7,100
1,8,8,84
3,7,1,84
2,6,5,69
8,6,0,69
7,8,7,88
2,6,4,75
6,8,8,100
3,4,2,53
8,7,1,94
3,8,6,92
9,7,6,100
1,4,9,65
5,7,4,69
3,8,6,100
6,6,5,77
2,7,8,83
9,7,2,80
6,9,3,86
7,9,8,100
5,4,9,94
9,5,7,100
1,6,9,80
5,8,5,82
6,4,2,74
7,8,8,96
4,8,8,84
1,7,5,56
8,4,1,88
4,4,6,80
3,9,8,86
7,6,8,92
2,5,2,69
8,8,1,87
6,6,4,100
7,9,9,100
5,6,6,100
9,8,2,93
5,7,3,63
5,7,9,100
3,8,1,68
1,9,9,81
2,9,1,65
8,4,6,100
1,5,1,50
7,7,0,74
5,5,3,81
3,6,5,63
7,6,9,90
9,8,9,100
2,8,3,45
8,8,0,97
9,9,0,95
3,7,8,85
2,5,0,38
7,6,6,98
5,5,6,73
5,7,0,72
5,5,0,69
4,5,5,76
5,9,7,91
4,8,6,73
6,9,5,100
4,9,9,100
2,5,2,47
9,5,6,100
2,9,5,82
9,5,7,82
6,9,3,82
9,4,8,89
9,9,0,89
3,6,6,68
1,6,8,73
1,5,9,72
3,9,0,62
5,9,9,100
3,8,2,78
9,8,6,100
9,8,8,100
3,9,0,80
3,9,5,86
5,6,1,65
2,7,4,67
6,5,6,82
7,6,6,98
9,8,9,100
6,6,6,100
3,6,3,61
5,6,5,80
4,8,9,93
5,7,5,71
8,4,6,84
8,5,8,100
6,5,5,74
1,6,9,79
8,7,0,97
8,8,7,100
2,4,1,46
4,4,2,45
2,6,4,67
4,6,5,73
7,8,6,86
9,8,3,100
8,9,2,95
9,8,8,100
8,6,3,87
2,7,8,100
7,6,8,100
2,6,2,42
2,4,2,61
4,8,7,84
1,5,0,43
5,8,5,91
6,9,5,75
9,7,8,100
8,7,1,98
2,8,7,68
1,8,6,55
2,6,1,49
7,5,0,89
4,6,3,83
5,4,1,73
7,4,2,72
3,7,1,97
2,7,8,77
7,5,3,100
5,7,0,75
1,9,7,65
1,4,3,52
9,5,9,100
5,4,7,98
1,8,7,88
7,8,8,100
9,5,9,100
1,6,6,65
4,9,3,92
3,9,1,67
5,7,5,100
7,5,3,96
8,9,5,88
2,7,7,57
7,4,2,67
1,6,0,51
7,7,4,82
8,8,2,91
2,8,5,60
9,4,2,80
1,5,0,26
6,7,8,100
1,4,4,60
3,8,1,74
6,8,1,96
3,8,8,81
8,6,0,100
5,6,9,81
2,8,2,47
4,9,9,88
9,5,6,89
4,6,0,70
8,7,1,85
5,6,5,88
1,7,8,68
7,6,8,100
3,8,7,79
8,7,2,77
3,5,1,46
1,6,0,50
5,6,8,98
2,8,4,69
4,7,2,70
1,9,9,68
9,8,9,100
6,7,4,78
8,6,2,98
4,6,8,86
9,6,0,85
2,6,0,46
9,4,2,93
5,6,5,81
6,6,1,83
3,9,0,61
4,9,7,90
6,7,9,100
7,6,8,100
1,6,9,63
7,7,0,62
1,6,2,49
5,6,4,73
6,8,6,91
2,4,9,75
9,7,3,100
6,8,5,100
7,9,0,69
8,5,3,70
1,5,7,64
8,9,4,94
4,4,7,83
8,5,0,71
6,4,9,90
9,5,8,100
4,5,3,65
2,8,8,77
2,5,7,73
5,9,7,87
9,4,1,100
3,6,2,67
8,6,9,100
4,6,8,90
6,4,2,68
6,4,7,72
3,6,4,64
5,9,6,91
3,5,3,69
1,6,7,57
7,7,3,90
4,4,4,81
7,7,0,69
3,7,9,100
5,4,7,100
5,6,6,81
2,9,4,58
2,8,5,84
4,7,0,79
4,6,7,91
4,8,8,93
6,7,4,77
2,6,9,81
6,7,6,85
7,6,9,95
3,9,3,77
8,5,5,100
2,5,1,56
8,4,3,90
5,8,4,83
2,7,8,87
7,7,8,100
2,6,7,77
6,8,3,90
3,7,5,64
9,8,6,100
3,8,0,62
3,5,0,48
5,7,3,77
7,7,2,86
8,4,9,100
7,8,3,89
9,6,8,100
5,5,1,71
3,4,3,64
6,5,6,91
5,6,1,78
4,4,7,78
2,5,9,81
7,6,3,99
5,9,8,96
4,4,0,49
8,6,6,100
9,4,0,78
9,7,9,100
3,7,8,73
3,5,9,99
5,8,9,100
5,9,0,63
2,8,2,63
1,6,6,52
8,4,0,79
3,7,4,68
1,8,5,65
1,7,2,39
2,9,5,81
6,6,3,75
6,9,5,73
3,9,5,91
4,6,3,75
2,4,0,34
2,9,2,53
7,8,9,88
1,6,6,67
7,6,1,72
1,7,3,58
6,5,5,95
3,9,4,85
8,8,5,97
6,4,4,90
2,9,8,100
8,4,1,75
5,7,3,100
8,9,0,77
8,4,6,77
6,9,0,84
2,6,5,75
8,9,9,100
6,8,9,100
6,9,8,90
8,4,1,71
1,8,0,60
2,4,9,91
9,5,2,93
8,5,5,79
7,8,6,97
7,5,7,100
5,5,3,71
2,6,7,86
6,4,6,80
3,5,7,76
4,8,4,61
2,6,9,88
2,5,6,71
8,9,3,99
8,8,0,100
6,4,2,60
5,9,9,100
8,5,8,87
4,8,3,83
4,9,4,73
5,8,2,85
1,7,5,52
1,9,3,70
2,8,4,66
8,9,6,100
7,7,6,89
9,4,8,100
5,4,1,64
2,6,3,68
7,9,7,100
8,7,3,86
7,8,2,89
7,6,9,89
5,9,5,87
2,6,2,61
6,9,1,86
4,4,8,84
2,8,2,55
9,7,0,72
7,4,8,100
6,6,4,98
5,5,6,71
3,6,1,60
4,5,0,66
3,9,5,81
8,4,4,100
3,9,9,99
7,7,5,83
7,8,1,92
7,5,6,93
7,8,0,83
2,9,7,89
3,4,6,79
9,4,6,100
3,9,5,83
2,9,9,79
9,4,4,70
9,7,8,100
4,5,2,51
9,8,8,100
3,6,4,56
7,9,7,99
7,9,2,88
8,4,6,83
4,8,9,99
3,8,3,46
3,7,4,72
5,5,3,56
1,7,8,78
3,7,6,94
6,8,5,81
3,5,5,74
5,5,9,96
9,5,6,100
2,4,4,81
2,5,9,77
6,8,2,87
6,4,2,83
8,6,6,97
2,9,9,89
9,7,0,89
2,5,3,59
1,6,9,66
2,5,7,44
7,7,3,92
8,8,0,82
5,8,4,100
6,7,0,82
1,6,8,77
6,4,7,97
8,9,6,100
3,9,4,73
1,9,3,83
4,4,6,63
1,5,2,31
8,7,7,100
5,7,4,93
1,4,4,46
8,6,0,84
9,9,9,100
2,7,7,74
9,8,6,100
8,8,0,93
7,7,3,83
3,9,3,80
2,9,8,59
7,9,9,100
5,6,1,55
6,8,3,85
4,6,9,100
2,4,2,52
9,5,9,100
3,9,4,75
7,4,6,94
8,5,4,74
2,8,4,75
6,5,3,73
8,5,8,95
7,7,5,100
3,5,9,89
1,7,5,66
6,5,5,83
8,7,5,100
6,8,0,93
5,8,5,81
8,5,3,100
2,6,1,53
1,8,5,76
1,4,0,42
4,4,0,44
6,7,4,91
9,6,5,100
1,9,1,68
1,7,9,74
5,5,7,90
5,8,3,86
5,6,3,80
6,7,9,95
8,7,4,100
3,4,9,87
9,5,3,87
1,7,4,64
4,4,9,80
9,6,2,99
8,7,7,100
9,9,5,100
1,9,7,75
9,4,4,87
3,9,6,82
9,5,9,100
1,8,6,68
1,9,5,82
9,6,9,100
6,7,3,79
4,4,5,75
7,7,8,100
5,8,3,77
7,7,5,75
8,7,5,100
8,4,2,87
1,8,3,69
8,6,2,98
6,4,2,63
4,8,9,98
8,8,3,84
3,7,3,95
4,5,5,60
6,5,3,75
7,6,5,100
4,7,1,84
4,5,3,68
7,4,1,46
6,6,7,100
8,7,8,99
1,9,6,70
7,4,5,73
7,5,7,95
7,5,3,100
7,5,9,83
8,5,1,92
9,8,3,100
9,9,4,98
2,6,8,65
7,6,4,92
7,5,8,100
4,6,8,75
9,9,7,100
8,4,4,93
1,4,1,65
2,6,4,67
2,5,0,31
8,7,7,92
1,9,1,59
4,5,6,80
5,8,1,85
9,7,4,96
7,9,9,100
8,8,6,100
9,6,5,100
7,8,4,100
5,6,5,97
5,8,1,77
6,7,9,98
5,8,0,75
9,5,0,85
3,6,7,86
3,4,2,69
7,8,2,89
7,6,8,100
6,4,5,91
3,6,3,76
7,6,3,78
5,4,6,86
7,4,5,75
2,7,1,62
6,9,8,100
8,8,1,100
1,8,7,78
4,6,3,76
1,5,9,62
1,5,0,54
8,9,0,100
7,6,8,97
1,7,3,52
2,4,0,45
4,6,2,51
1,8,2,57
3,5,6,77
8,5,5,96
8,5,7,100
8,7,6,88
6,8,0,58
6,7,2,82
5,4,8,80
9,6,3,100
4,6,2,64
7,5,4,90
1,5,7,64
9,4,0,78
7,7,1,68
9,9,6,97
7,9,0,91
2,9,4,71
6,8,9,100
4,4,7,85
3,6,5,70
2,6,2,55
6,7,6,100
8,4,2,92
6,8,4,95
9,4,6,98
5,4,1,54
2,7,9,63
8,8,3,94
9,9,1,89
4,6,6,77
6,5,2,71
8,9,8,100
9,8,5,98
5,6,0,56
6,9,9,100
4,7,7,84
5,8,6,73
7,8,0,91
9,6,2,75
6,6,2,96
6,4,2,62
8,4,6,82
4,8,5,73
3,5,1,65
7,7,4,99
5,6,5,88
2,4,1,42
2,7,0,51
6,9,3,87
8,9,3,100
1,8,3,74
6,6,0,73
2,9,2,64
2,6,6,74
7,4,3,74
1,9,1,50
6,5,7,100
7,9,0,85
8,6,8,99
7,5,4,84
6,7,1,80
9,9,3,100
3,6,2,75
6,9,6,100
4,9,5,100
2,6,8,75
1,5,3,43
1,4,2,76
3,9,6,87
4,8,5,82
2,7,4,64
1,6,9,55
4,9,6,89
7,4,4,97
6,6,8,91
6,9,3,86
9,7,0,84
2,8,9,72
4,6,4,71
5,9,0,70
1,5,0,48
8,4,0,75
8,8,0,95
6,6,7,100
5,9,1,78
8,8,8,100
3,5,6,96
3,6,2,59
2,8,8,79
5,6,3,76
3,6,6,68
3,8,2,71
6,6,4,65
8,5,3,97
2,8,5,56
4,9,8,95
7,8,4,95
1,5,0,31
1,5,4,37
7,5,4,79
7,9,8,99
1,9,7,49
1,6,4,59
4,6,4,66
5,7,1,75
5,6,8,100
4,5,3,89
8,7,6,92
7,5,9,98
9,4,5,95
7,9,4,87
1,8,4,74
7,4,6,100
1,9,1,68
7,9,8,100
8,5,1,74
9,6,8,100
3,8,3,66
4,6,9,84
4,6,9,88
9,8,5,99
7,8,0,86
3,4,4,63
5,5,5,71
7,6,8,77
8,5,8,84
1,5,8,48
2,7,2,65
7,4,3,88
2,6,7,94
7,9,7,100
9,8,1,100
2,8,7,69
7,5,6,100
4,4,8,83
2,4,4,91
7,6,1,83
5,6,4,72
1,5,1,41
5,5,4,90
3,5,8,85
7,7,6,100
6,4,6,92
8,5,0,80
5,4,8,98
2,9,5,76
9,8,6,100
8,8,1,100
6,4,0,69
7,9,3,84
9,8,8,100
7,8,8,100
3,8,2,67
6,6,0,78
7,9,1,78
2,6,8,72
3,4,8,79
4,4,0,62
6,7,8,100
1,6,0,56
9,4,9,100
5,6,3,59
7,7,4,89
9,4,7,100
9,4,4,100
1,4,4,76
1,4,3,54
3,5,8,78
6,9,7,95
2,9,8,79
1,6,6,66
1,6,6,63
5,6,4,85
4,7,9,97
1,5,0,45
4,6,5,86
3,6,9,73
2,4,5,82
9,4,9,100
1,4,3,42
7,6,1,84
4,4,0,69
5,6,2,73
5,7,8,100
1,7,0,51
6,8,4,89
9,5,9,100
2,4,5,54
7,9,8,100
6,4,0,88
5,5,4,93
4,5,0,59
4,8,1,71
6,5,1,83
4,6,4,60
5,4,9,100
6,5,3,75
5,6,5,88
7,5,4,86
9,9,1,85
7,6,8,94
7,7,9,100
4,6,7,99
1,8,8,64
8,6,5,97
4,5,4,72
1,7,4,67
5,7,1,68
8,6,3,87
4,5,1,57
8,7,1,90
8,9,7,100
3,6,3,61
9,6,3,88
3,6,6,89
1,7,3,70
2,4,8,75
6,5,8,100
2,8,2,67
6,8,5,100
1,5,6,57
1,4,2,12
5,5,3,72
9,6,0,76
8,9,8,100
3,5,6,80
3,5,9,80
1,9,6,68
3,7,8,97
1,8,5,73
8,8,7,100
1,6,4,83
5,9,7,90
9,6,9,100
7,7,0,76
4,6,2,70
9,9,3,100
9,9,8,100
2,4,7,61
6,7,7,95
4,9,1,51
8,9,6,100
7,7,2,79
7,5,5,100
9,5,3,100
5,4,5,85
6,9,3,79
1,7,2,58
6,7,1,79
2,5,3,53
6,8,9,100
9,8,1,96
8,9,6,100
9,5,0,81
8,9,0,95
3,6,4,80
8,7,6,100
6,9,0,93
6,4,3,83
6,8,4,87
3,9,1,58
1,6,6,90
4,7,3,66
6,6,7,100
2,9,0,55
7,7,9,100
7,7,0,73
4,5,0,55
4,5,3,78
1,4,0,63
2,4,4,86
9,6,5,97
8,5,6,100
8,7,7,89
9,5,7,100
7,7,1,96
9,5,3,84
2,7,6,63
6,6,8,100
3,5,8,97
6,8,2,65
3,8,6,98
8,7,3,97
4,6,8,93
6,7,6,93
9,6,5,78
2,4,8,62
2,5,6,69
7,6,7,98
2,7,4,54
2,4,3,57
4,7,0,62
9,8,7,100
8,8,5,98
2,5,3,71
8,9,2,90
4,5,4,71
2,4,3,41
7,8,6,100
6,6,5,87
5,8,2,71
1,9,9,77
2,5,0,46
8,7,6,100
1,4,4,55
3,9,0,64
2,8,0,48
5,6,5,64
4,9,3,53
7,6,7,100
5,6,1,73
8,4,3,88
4,6,7,95
6,6,7,86
4,8,4,83
2,4,2,51
1,7,3,44
1,7,2,50
8,6,1,87
4,9,3,89
5,5,8,80
8,4,5,95
7,5,3,57
8,4,0,75
8,4,6,87
6,8,1,75
2,6,5,49
6,8,9,100
1,9,0,61
1,5,6,54
3,5,3,72
3,7,2,59
5,9,9,84
1,9,6,77
6,8,2,96
7,8,7,100
3,9,3,54
4,8,2,72
3,7,6,84
1,8,6,77
8,8,8,100
2,9,9,78
1,9,6,75
8,8,5,100
7,8,2,70
7,9,3,100
4,5,7,84
9,6,5,100
6,5,8,88
2,8,7,93
1,4,7,66
1,4,9,65
9,7,9,100
4,5,6,96
5,9,9,100
3,7,0,57
4,7,4,88
8,4,6,100
4,5,9,92
9,6,8,100
9,9,3,100
6,5,7,98
2,7,0,59
7,8,3,100
9,7,3,91
6,5,1,58
3,4,2,62
7,5,2,88
5,6,8,83
1,9,6,74
3,9,1,59
5,8,8,89
7,8,7,100
3,7,5,52
6,5,5,89
5,9,1,84
1,4,2,42
6,6,5,87
8,7,2,87
1,5,6,56
2,4,4,64
4,5,3,69
2,4,7,67
9,5,1,87
8,5,2,68
8,9,9,100
4,7,3,59
5,5,9,92
4,5,5,70
9,7,4,100
2,7,4,66
8,8,6,95
2,8,7,78
1,9,5,89
3,7,2,61
9,6,3,76
3,9,0,52
9,4,4,92
7,7,9,100
1,8,7,84
5,5,2,77
9,7,9,100
3,7,3,56
9,8,3,100
5,8,5,76
9,6,8,100
6,9,9,100
9,8,2,100
7,8,3,87
7,8,5,100
8,9,5,100
7,5,6,76
9,7,0,95
9,7,8,100
6,8,1,85
7,9,3,100
2,6,2,54
9,8,2,64
1,9,4,68
1,9,6,65
3,6,6,75
6,9,6,97
5,7,2,68
2,6,8,78
9,6,5,100
4,4,9,84
4,6,7,76
5,6,0,73
8,5,3,95
4,7,6,79
5,8,8,100
4,4,2,63
6,6,5,93
3,5,7,65
8,5,2,86
6,9,5,87
5,8,8,93
2,8,8,89
7,7,5,100
2,9,4,64
1,6,0,40
7,5,2,74
5,4,2,85
1,7,3,42
4,6,4,71
4,9,7,78
7,8,8,100
9,9,6,100
2,6,9,80
1,9,5,44
2,8,2,68
7,6,8,100
6,4,9,88
4,7,0,67
1,9,8,91
1,8,2,54
5,4,8,94
1,5,9,70
7,4,0,70
1,4,7,71
1,4,5,55
2,8,8,79
3,5,3,64
1,7,4,60
9,4,5,100
8,8,8,100
5,8,5,96
2,7,8,81
5,6,1,65
6,5,3,92
1,5,2,46
4,9,3,92
9,4,0,95
2,6,1,55
5,5,3,68
1,9,9,88
4,4,3,60
4,6,4,68
6,8,8,100
9,4,0,95
3,6,7,88
9,7,2,100
6,5,8,90
7,4,7,80
2,9,7,84
6,8,8,100
6,9,3,70
2,4,4,47
2,5,6,66
2,5,1,51
1,6,6,76
5,9,2,78
8,9,5,97
2,8,5,68
5,6,5,70
8,8,9,100
5,4,1,64
2,4,8,65
3,9,7,77
6,6,6,100
5,7,8,96
4,5,3,60
4,6,1,64
5,6,3,83
2,4,9,79
9,5,2,91
2,6,1,72
2,4,1,50
9,4,7,99
3,9,4,59
7,9,5,100
4,6,7,87
6,6,6,75
4,4,6,70
7,9,6,100
1,6,6,67
3,5,7,75
3,4,0,63
1,4,2,52
6,6,0,78
9,6,7,100
8,6,1,94
7,5,6,84
8,4,5,94
6,7,0,66
9,5,5,100
3,5,8,76
9,9,2,83
4,4,6,93
7,7,3,83
9,4,0,79
2,5,6,56
2,6,0,34
9,4,3,96
3,4,8,69
9,6,4,100
5,7,6,93
6,7,6,95
2,4,2,57
8,6,7,76
9,9,0,77
2,4,3,64
6,6,9,100
6,5,3,77
8,9,1,100
5,6,5,85
9,4,0,70
1,8,2,50
9,7,8,100
7,4,9,100
4,6,5,87
3,9,1,56
6,9,8,100
1,6,1,46
3,7,6,80
2,4,0,50
9,9,4,100
3,9,6,88
2,8,2,65
4,5,3,65
2,8,4,57
1,5,2,52
6,9,5,68
8,5,2,88
2,4,7,68
9,9,6,100
3,9,0,69
8,5,1,80
8,6,3,89
3,5,4,45
3,5,9,83
6,7,3,75
1,7,3,59
4,4,8,85
1,4,3,57
3,6,3,80
9,7,3,92
5,8,1,89
5,4,7,53
4,4,3,76
3,7,4,64
5,7,7,100
4,6,3,68
8,7,4,100
4,5,4,85
8,9,5,90
6,8,6,94
5,9,2,75
4,5,9,99
4,5,2,79
4,9,8,100
9,5,0,84
4,4,9,72
9,9,7,100
6,5,9,92
7,4,2,76
3,7,4,62
8,8,2,100
3,8,9,94
1,5,0,31
5,8,9,83
2,4,4,33
6,7,7,80
9,5,4,100
1,6,3,47
4,9,8,93
1,8,0,55
1,8,4,73
8,5,0,62
2,9,5,92
1,9,9,75
8,8,8,100
4,8,1,65
3,6,3,88
4,9,7,94
5,4,2,78
1,5,6,70
1,5,6,68
3,6,1,61
6,6,9,100
1,4,3,55
2,7,0,34
7,5,7,88
1,9,9,81
7,8,9,100
4,4,8,87
6,5,0,76
8,9,6,100
9,4,0,72
6,7,0,92
9,9,8,100
4,5,9,92
6,8,9,86
8,9,5,100
9,5,0,80
3,4,6,68
2,7,2,69
6,9,9,96
4,4,3,64
1,4,3,58
8,6,7,97
9,4,0,100
9,9,7,100
2,7,8,87
9,8,6,100
7,6,0,70
5,4,6,94
7,9,5,96
9,5,4,91
8,6,4,100
6,7,0,66
4,5,5,78
1,7,3,60
6,5,0,78
3,8,7,77
6,7,7,91
6,5,3,76
4,7,6,72
2,6,2,65
9,7,7,100
2,9,6,72
3,7,4,80
1,5,4,47
7,7,8,100
1,8,5,61
9,4,5,100
1,6,1,47
5,9,4,96
7,5,3,90
3,7,9,94
9,7,2,98
8,7,8,100
3,6,6,73
5,9,3,94
7,4,8,91
4,8,8,100
5,9,6,67
3,8,4,81
9,9,8,100
9,5,6,100
7,4,8,95
2,4,2,43
7,6,8,100
7,9,0,100
5,7,4,73
9,4,1,91
3,9,0,71
4,7,2,77
1,6,6,71
6,9,2,76
4,9,9,100
1,5,9,83
2,9,8,85
3,5,2,50
9,7,5,100
8,7,1,88
7,4,7,84
4,6,9,88
1,5,4,56
8,4,1,81
4,8,6,85
3,4,2,61
9,7,4,100
4,8,8,80
4,4,0,53
9,9,1,97
2,6,4,80
5,5,3,61
4,9,0,69
9,8,6,100
5,6,8,100
9,4,0,77
9,9,7,100
2,7,8,100
9,7,1,91
3,6,0,67
4,7,5,71
1,5,6,56
1,6,1,35
1,6,4,88
9,7,4,100
8,6,6,100
5,4,0,52
5,8,9,92
9,9,7,100
3,8,4,69
3,9,2,69
7,7,8,96
9,5,2,83
6,5,6,61
2,7,9,99
1,7,6,76
2,6,9,67
1,5,7,87
9,8,9,100
8,7,7,98
7,8,3,81
3,9,0,57
8,8,3,92
2,5,5,75
2,9,9,89
3,8,5,79
7,6,5,78
1,6,6,66
8,5,0,85
7,6,9,94
4,7,0,67
5,9,6,92
1,5,3,46
4,9,5,83
1,8,5,76
1,7,8,69
1,5,1,46
7,8,3,94
7,8,3,77
4,8,6,88
2,8,0,54
3,8,4,68
8,5,3,91
8,6,1,100
6,8,4,95
9,7,8,100
9,5,7,100
4,4,8,83
1,6,6,75
1,7,9,84
5,8,6,93
2,5,1,65
6,5,2,87
7,8,9,100
1,7,7,73
6,5,1,78
8,9,6,100
5,6,5,86
7,7,9,99
6,8,3,66
4,7,3,67
7,9,2,99
9,7,5,100
7,4,2,81
5,8,8,100
7,6,3,81
3,8,3,77
2,4,1,48
5,8,1,76
4,8,6,81
5,6,4,81
8,4,2,90
4,8,5,76
9,9,5,100
7,8,0,76
7,5,2,79
8,8,4,87
6,6,6,100
8,5,3,83
3,9,7,96
1,9,2,60
6,9,5,83
1,4,5,61
9,9,8,100
2,7,3,68
2,6,6,64
7,4,9,89
2,5,0,46
8,7,0,100
6,4,1,64
7,6,3,99
7,5,5,79
6,6,3,80
9,6,5,90
9,5,1,91
7,9,8,98
9,8,2,97
3,6,6,68
3,9,0,52
1,5,7,55
5,6,3,84
4,8,4,89
2,5,6,59
9,4,2,76
3,4,8,82
8,9,8,100
6,4,7,97
5,7,0,55
1,6,1,43
4,6,1,61
3,5,2,50
1,7,1,52
5,6,0,64
6,5,4,64
2,8,5,57
3,6,6,87
6,9,9,100
4,6,6,74
9,8,1,100
5,8,6,94
4,6,1,74
2,8,1,47
6,5,5,86
2,6,5,69
7,6,7,93
3,4,4,53
9,9,4,100
5,6,9,100
8,4,0,93
6,8,3,82
8,9,0,81
3,9,9,77
3,8,4,76
5,5,7,71
3,4,0,57
8,6,2,74
8,4,0,65
2,8,5,60
4,8,9,84
1,5,0,56
4,9,9,90
4,9,2,83
9,8,4,100
3,4,4,58
2,9,1,67
9,6,2,99
9,6,8,100
1,4,0,36
6,5,0,82
8,6,1,83
3,4,7,50
9,4,5,100
2,8,3,59
6,9,6,99
1,8,5,58
7,9,8,100
3,5,5,89
7,5,1,77
4,5,2,75
9,4,8,100
5,4,6,75
3,8,5,66
8,6,4,87
6,9,2,85
2,9,3,73
3,5,0,59
8,9,4,79
7,7,6,100
6,5,1,76
1,9,7,67
9,8,9,100
3,9,5,94
5,4,9,100
7,8,2,82
7,8,1,85
3,8,7,84
4,7,3,76
7,7,6,83
8,9,6,100
2,5,9,88
9,9,8,100
7,9,9,100
8,9,7,100
6,4,7,97
6,8,6,100
9,6,9,100
4,5,4,83
5,5,8,82
9,8,6,100
1,5,2,31
4,8,5,83
7,5,2,79
9,9,5,100
6,4,7,100
8,5,8,100
9,5,1,100
4,6,5,72
1,4,2,57
8,9,6,100
2,4,3,75
1,4,4,70
7,5,9,88
9,7,5,99
9,5,7,97
3,8,1,54
6,6,3,88
7,4,3,93
9,8,5,88
2,9,3,63
8,8,4,86
7,7,4,68
4,4,7,85
2,5,3,52
8,4,5,100
5,6,6,76
6,4,7,98
7,8,8,97
1,8,9,74
8,5,7,98
4,5,3,46
9,5,3,82
1,9,9,80
2,6,4,77
6,9,2,97
1,9,1,93
4,9,1,93
8,4,8,100
5,7,7,87
9,4,5,100
6,5,8,100
1,6,4,52
6,9,9,100
6,4,0,71
6,8,7,100
8,9,2,100
6,4,8,86
5,8,0,82
2,4,2,58
4,4,0,60
5,9,0,57
4,4,5,95
2,5,3,59
7,8,9,100
2,6,3,56
1,7,4,59
5,9,2,84
1,8,1,66
1,5,9,73
1,8,7,69
6,6,6,85
9,9,9,100
1,8,3,65
5,5,1,77
9,9,8,100
9,5,7,94
1,9,3,45
8,7,4,81
1,6,9,74
8,7,5,83
1,4,3,58
5,5,1,80
8,7,4,85
6,5,0,70
9,9,6,100
1,5,8,76
9,4,2,93
1,5,5,71
3,9,8,94
1,9,3,70
3,7,5,73
2,6,2,67
2,8,8,76
9,7,6,100
8,4,6,87
1,8,3,74
4,5,5,63
1,7,7,72
1,8,5,72
4,7,5,67
2,5,3,59
3,9,7,82
9,7,9,100
2,4,7,68
4,8,8,100
1,8,5,56
2,8,1,50
5,7,3,91
1,5,3,62
7,7,7,100
4,7,4,62
6,9,3,81
8,8,7,100
6,5,2,95
2,6,1,44
1,5,3,55
8,7,0,70
8,4,0,90
9,5,4,94
6,8,0,73
1,4,3,57
9,6,7,100
3,6,7,79
6,4,1,77
9,6,2,93
3,4,2,68
5,7,0,70
5,4,2,82
7,7,7,91
4,8,5,97
4,8,4,66
7,6,9,100
9,9,8,100
4,9,6,94
4,4,5,83
6,7,4,82
6,8,4,87
7,8,9,100
1,8,8,65
3,6,9,95
9,8,5,100
6,9,3,67
6,5,3,89
5,6,3,69
3,4,5,49
5,5,0,71
1,6,8,65
3,6,1,53
4,7,1,47
5,5,4,63
9,5,3,91
4,9,2,91
3,5,4,47
1,8,6,87
6,9,9,100
7,8,1,93
8,9,5,93
1,4,3,64
4,9,1,58
5,4,0,45
2,9,7,85
1,4,4,32
8,8,9,100
6,9,1,68
5,7,7,92
9,9,2,97
2,4,6,55
8,6,1,75
9,8,6,100
1,7,3,63
7,6,9,100
8,6,0,80
3,8,4,77
4,9,3,69
3,5,7,83
7,7,0,83
9,9,1,100
3,8,4,60
6,5,9,99
8,8,9,100
6,8,1,78
2,6,0,34
7,9,5,97
2,8,9,80
2,9,3,72
2,5,4,59
1,6,2,43
1,5,9,73
7,5,5,83
5,6,3,77
3,9,5,71
1,5,4,55
6,4,1,73
1,9,3,55
9,8,1,100
2,6,4,96
1,6,2,46
7,9,5,100
6,4,4,86
6,4,1,72
5,4,9,83
4,4,7,72
4,7,5,79
3,6,8,60
8,5,2,93
7,6,3,79
9,6,7,100
1,6,6,63
7,4,7,96
4,4,8,77
7,7,7,100
1,9,7,75
5,6,5,98
3,8,1,65
5,9,6,84
4,7,3,62
2,4,2,71
4,6,3,74
3,4,3,91
1,9,2,75
8,5,8,94
5,4,2,66
4,4,1,61
5,7,0,69
4,5,0,52
3,9,4,63
5,8,4,97
4,8,8,93
1,8,3,58
3,6,4,73
8,8,5,100
7,6,9,100
2,9,6,64
1,9,8,83
3,4,5,67
5,8,0,82
1,7,7,88
3,9,1,77
3,5,8,77
5,5,6,86
3,9,6,83
9,4,9,100
1,5,9,73
4,5,4,59
4,4,7,85
1,4,9,56
2,4,0,48
1,7,2,52
6,4,8,82
3,4,0,54
7,4,7,98
5,9,5,96
9,8,9,100
7,9,4,82
4,8,5,74
5,7,4,78
5,7,8,89
5,5,1,30
9,9,9,100
3,8,5,70
6,7,3,81
8,7,2,100
9,9,4,100
7,5,1,78
3,4,2,38
1,6,6,62
4,5,0,45
6,6,1,76
3,5,2,53
1,5,9,68
6,4,6,95
1,7,3,71
9,8,7,100
1,5,7,69
6,4,0,73
1,6,4,80
7,9,0,92
3,9,6,77
6,7,3,75
7,9,7,82
1,5,7,60
1,6,8,57
5,5,5,100
6,9,6,92
9,8,6,100
1,9,4,54
4,8,6,79
8,9,8,100
9,7,3,72
3,6,1,56
2,8,7,80
4,4,6,74
2,7,5,46
1,5,6,64
3,9,2,73
7,6,5,84
1,6,9,74
2,9,6,72
1,4,6,58
8,8,4,100
5,9,2,65
8,6,1,83
3,4,6,55
7,4,3,89
8,5,1,99
6,4,7,72
7,7,1,92
2,6,5,55
8,7,3,100
5,4,8,92
7,4,4,61
1,7,3,54
5,5,7,75
1,4,2,55
8,7,8,82
4,7,7,76
4,6,7,83
2,5,9,74
5,8,4,66
1,7,0,59
9,6,9,100
5,8,8,100
6,6,1,77
2,6,0,70
1,9,5,71
4,5,0,85
7,4,9,100
6,5,9,100
1,8,9,55
1,9,6,70
8,5,6,100
4,4,0,57
5,5,9,99
7,5,4,91
8,5,2,91
7,7,1,93
2,7,4,86
4,5,4,73
1,4,1,45
9,4,5,100
3,4,6,74
3,4,0,54
9,9,2,99
3,9,3,73
8,6,1,80
2,5,9,86
3,5,4,60
2,6,3,64
1,4,1,34
2,8,0,65
8,8,7,100
9,6,1,96
2,8,3,70
7,7,9,100
5,5,4,80
3,8,1,69
9,9,9,100
6,9,8,100
1,7,1,35
5,5,5,85
7,7,6,97
4,5,5,74
8,5,3,97
5,8,0,61
9,9,1,100
9,6,9,100
9,8,9,100
1,4,5,51
2,7,7,74
3,4,2,56
4,5,6,61
9,8,8,100
6,4,3,85
1,4,6,70
9,9,6,100
6,4,9,100
4,9,8,100
4,9,2,84
3,5,0,56
7,9,7,100
3,5,3,88
2,9,1,62
8,9,4,100
4,5,3,83
8,4,0,73
1,7,6,58
5,8,3,95
9,8,7,100
1,5,8,76
4,4,7,75
6,7,0,64
8,6,7,96
3,5,4,65
5,6,0,66
7,8,8,100
1,8,8,68
7,7,6,93
8,7,6,100
8,6,0,83
9,8,8,100
6,7,0,85
6,7,6,100
2,8,8,90
3,8,8,81
4,4,4,80
4,9,5,83
8,7,1,82
1,6,1,40
4,5,9,100
4,5,8,89
1,8,0,42
3,9,9,90
5,6,4,76
6,4,6,97
9,7,9,100
9,4,5,100
9,6,5,100
1,4,5,47
9,8,7,100
8,5,6,86
2,8,4,57
1,7,9,65
1,8,1,40
6,6,9,100
9,6,5,100
7,7,9,85
5,7,4,94
2,5,3,53
1,4,9,67
2,5,4,63
1,8,8,81
3,4,1,51
6,7,5,91
8,6,8,99
3,8,9,85
9,5,4,98
5,9,5,65
7,9,9,100
8,7,3,96
3,4,4,47
2,9,7,67
2,4,0,60
5,6,0,67
1,7,9,74
2,7,3,83
9,8,9,100
7,8,2,92
6,4,4,88
9,9,9,100
7,9,7,100
5,5,0,85
9,4,4,91
6,9,4,94
6,8,1,87
4,8,4,75
1,8,7,59
5,4,9,86
9,7,6,91
8,5,1,100
8,5,5,92
5,8,9,96
9,6,0,98
3,4,9,84
3,9,9,96
1,9,2,35
9,7,5,96
6,8,8,100
2,6,0,70
8,8,5,97
9,6,1,60
9,5,8,100
2,6,1,73
2,5,2,50
7,5,1,67
4,4,3,68
1,6,3,41
8,7,9,100
2,7,0,35
3,6,7,77
5,4,4,83
3,7,7,78
7,8,5,88
7,7,1,93
2,4,6,61
7,5,9,98
6,5,8,91
9,5,6,100
9,4,4,100
2,5,3,62
7,5,7,97
5,4,5,100
6,8,4,89
1,7,6,68
7,4,2,63
6,4,8,77
4,6,3,68
1,5,3,43
9,9,7,100
4,8,5,74
2,9,0,47
8,6,1,76
2,8,8,98
5,5,5,100
6,9,6,100
8,5,8,100
1,5,2,52
1,7,4,67
4,8,4,87
5,8,9,100
9,6,6,100
7,4,1,94
7,5,3,69
8,5,3,85
5,9,7,87
5,6,9,94
1,8,2,49
9,7,1,94
6,8,8,85
9,7,3,100
3,7,8,59
5,8,5,86
2,9,0,56
5,5,2,67
8,7,6,96
2,9,8,76
8,6,7,100
4,6,4,77
1,7,7,62
5,5,1,84
1,7,2,59
7,6,7,85
8,6,8,100
3,8,9,88
3,5,7,84
7,8,3,91
4,9,5,85
3,9,4,73
8,9,3,99
3,4,8,89
7,9,9,100
2,7,2,51
1,8,0,45
6,9,6,86
8,5,9,100
1,9,7,74
9,7,2,100
3,7,2,65
3,7,5,81
4,7,1,65
1,7,5,67
9,5,4,99
3,4,6,79
4,6,8,64
1,4,8,80
4,6,0,73
1,8,6,70
5,7,2,72
5,8,3,87
7,8,1,85
8,6,0,93
4,5,9,74
7,7,2,65
4,9,9,100
3,8,8,91
6,4,0,56
4,7,2,58
3,5,4,54
9,7,2,86
5,9,3,64
7,9,3,96
6,8,0,57
5,4,5,87
7,8,6,100
6,5,6,97
2,6,5,62
3,9,6,83
2,4,2,51
3,9,4,76
1,5,6,67
8,5,9,100
6,9,4,77
2,8,9,83
8,9,1,76
6,8,5,87
7,9,6,100
1,8,1,55
7,6,9,100
3,7,7,81
8,7,4,88
6,8,7,80
4,8,2,82
8,6,1,90
9,7,6,93
2,6,4,74
6,5,4,89
5,9,7,86
5,7,8,88
3,8,7,88
8,4,9,100
8,5,1,87
5,9,9,100
8,4,6,92
8,6,4,91
3,9,6,78
2,6,2,58
9,6,3,96
2,8,6,85
9,6,1,82
4,4,1,72
2,5,0,54
1,8,0,42
4,5,0,48
9,6,5,80
9,7,4,88
4,9,9,100
9,8,7,100
6,6,4,76
1,8,0,36
6,7,7,87
9,4,5,100
2,4,7,64
6,9,1,93
2,4,9,70
4,7,7,77
8,5,5,80
7,7,0,75
9,7,0,83
7,6,9,100
1,4,4,43
2,8,6,81
6,9,3,71
7,5,9,100
3,8,4,50
9,6,9,100
7,6,2,75
6,5,1,86
6,8,1,59
1,5,4,52
5,5,3,73
3,4,1,46
7,8,4,92
3,4,9,73
5,4,8,78
7,9,7,100
3,4,8,80
2,7,8,80
6,6,7,92
8,6,8,98
4,7,3,71
9,5,7,100
8,8,1,89
7,8,8,100
7,8,8,100
3,4,2,58
6,8,5,90
5,8,6,100
1,8,2,58
3,6,4,80
1,7,0,42
4,9,2,68
3,5,7,54
4,7,2,73
9,8,7,100
3,5,8,74
6,5,5,87
6,7,6,93
7,7,5,100
9,7,7,100
7,9,6,100
1,7,9,76
8,9,0,76
5,4,2,50
9,6,2,97
5,9,2,79
5,6,3,79
2,8,0,64
3,4,1,43
9,5,4,94
7,7,5,92
1,8,8,60
3,5,1,60
2,6,8,74
1,5,6,58
9,7,8,100
8,7,3,100
5,9,6,96
2,9,0,63
1,6,7,58
7,7,6,65
2,4,6,51
1,8,1,56
2,6,9,64
7,6,8,87
7,5,7,100
6,6,0,82
5,8,0,59
3,4,4,62
3,5,1,75
9,8,0,99
4,9,9,97
9,6,7,100
4,7,3,63
2,9,1,48
4,7,4,84
6,8,5,88
6,4,7,80
5,7,6,100
1,8,6,83
3,5,0,51
5,6,2,87
6,4,2,72
1,4,6,53
9,5,1,88
3,4,9,59
3,8,6,82
2,4,8,73
8,4,0,87
3,4,1,60
6,8,5,93
2,9,1,78
7,6,1,74
4,7,4,73
9,9,6,100
9,4,3,78
7,5,5,99
8,5,2,68
3,8,3,88
5,6,3,69
2,4,3,65
7,8,0,74
8,7,3,87
9,6,3,90
7,6,5,92
8,8,8,100
9,9,9,100
6,5,5,87
2,9,5,57
2,6,6,86
4,5,6,71
9,6,0,96
7,6,7,96
2,6,0,37
8,7,8,100
7,5,3,67
9,7,8,100
8,5,7,100
3,7,8,79
1,7,5,68
2,7,8,98
2,8,3,58
4,7,2,66
6,9,2,72
4,9,7,94
9,6,1,79
4,4,5,61
6,7,8,100
6,4,8,100
1,4,7,69
8,6,7,100
3,4,0,48
6,4,6,81
3,9,0,60
2,4,8,57
5,5,2,68
1,7,0,52
9,7,7,100
7,4,6,89
3,6,1,67
4,5,6,83
6,6,4,77
3,6,6,71
7,4,9,100
6,8,6,91
9,4,1,100
5,9,1,74
4,8,6,93
3,5,2,52
1,8,3,63
3,4,6,71
3,4,1,63
7,6,1,85
7,4,8,89
1,9,0,76
3,4,2,59
8,7,9,100
9,7,3,73
7,6,4,79
7,8,2,100
8,8,8,100
6,7,4,79
3,9,6,87
1,5,6,61
7,9,8,91
1,7,1,57
1,9,2,67
9,5,3,95
7,8,7,100
4,7,0,63
6,4,8,80
1,5,4,71
7,5,3,76
6,5,7,100
4,8,8,81
7,9,2,78
3,6,3,70
1,4,0,19
4,7,2,63
3,9,9,100
1,5,4,38
2,8,7,84
5,5,0,69
8,9,0,97
1,7,2,61
4,4,8,88
4,5,8,83
5,8,0,87
7,8,3,81
8,6,7,95
6,8,1,68
1,6,3,40
7,4,6,95
3,7,6,63
6,6,4,81
8,5,6,100
7,9,5,100
6,5,1,59
9,7,8,100
9,8,4,100
1,9,1,65
1,5,5,51
1,9,9,96
8,6,4,100
7,7,1,87
3,5,9,63
2,8,9,89
4,9,6,100
3,8,9,82
7,9,1,90
8,5,6,100
6,7,5,73
3,4,3,75
6,5,3,79
2,8,5,82
7,4,8,96
7,7,9,100
4,8,5,100
8,7,5,96
4,9,0,72
7,5,4,79
4,7,0,58
5,8,8,89
7,5,9,100
3,8,3,76
5,8,1,82
3,4,8,89
5,6,5,78
3,7,9,94
7,7,2,72
1,4,1,42
9,9,5,89
9,7,9,100
5,4,5,76
9,7,8,100
6,7,4,100
5,8,8,100
3,4,4,69
8,9,1,85
4,7,0,41
3,9,8,76
6,6,9,100
8,4,6,96
9,4,2,92
6,4,5,71
5,8,9,96
2,4,3,56
2,8,8,75
9,6,1,94
2,5,3,74
2,8,0,68
3,7,6,86
3,4,3,62
4,5,4,80
7,8,0,96
9,9,1,92
2,9,3,66
4,7,1,72
9,5,0,89
2,6,9,83
1,8,0,52
8,9,5,100
9,9,1,74
7,8,2,83
8,9,4,100
4,6,2,72
4,9,5,78
2,8,6,86
8,4,9,88
2,9,5,73
9,8,1,94
4,4,8,65
1,9,1,52
4,9,5,66
3,8,8,92
6,7,8,100
7,7,1,62
8,5,8,97
2,7,7,53
6,6,6,83
6,5,7,89
5,7,9,87
7,4,7,94
3,8,0,56
4,7,8,90
9,4,5,92
4,5,0,56
3,8,0,58
2,7,6,80
5,5,9,95
4,7,1,86
8,5,5,87
7,7,4,91
6,4,4,100
2,6,9,78
3,4,5,64
9,8,7,100
9,7,4,100
5,6,7,66
3,6,4,81
2,8,9,81
8,8,5,96
6,6,7,95
7,8,1,95
1,8,6,67
1,7,2,52
2,4,8,57
3,9,9,78
1,5,6,59
5,6,2,100
3,5,7,78
1,6,9,78
8,6,1,69
6,4,9,91
9,6,7,100
3,6,6,67
9,4,4,94
9,8,3,100
1,9,9,75
3,5,9,76
6,6,0,67
8,4,3,81
4,6,5,70
5,4,5,77
9,5,1,90
6,7,8,97
7,8,0,85
7,7,3,89
4,4,3,71
4,6,1,64
4,8,7,92
5,5,1,68
5,9,1,74
8,8,1,89
9,6,0,87
2,7,4,63
7,4,3,81
1,7,1,61
1,8,0,55
4,9,0,66
7,6,1,98
2,4,0,57
2,6,8,69
1,6,1,41
2,9,2,58
7,8,8,100
9,7,4,100
6,6,7,92
2,6,6,96
9,6,5,100
7,4,1,71
1,6,3,40
9,6,8,100
2,8,6,85
4,6,2,73
9,9,5,100
4,9,7,92
3,6,7,76
1,9,7,58
7,8,7,100
6,4,9,99
4,9,5,69
6,9,9,100
6,7,2,80
4,8,8,83
6,9,2,85
8,4,3,69
3,7,9,83
4,6,0,67
1,8,1,63
4,9,5,100
9,6,0,88
8,8,8,86
4,7,7,94
7,9,1,89
3,4,1,50
9,8,7,89
4,4,7,88
2,6,0,51
5,6,4,60
2,7,1,42
6,7,0,70
1,5,2,71
6,5,2,75
4,7,9,89
3,9,8,100
2,6,9,85
7,4,0,77
9,7,1,96
3,9,8,88
6,4,4,82
9,5,8,100
2,4,5,87
7,7,9,100
5,6,9,98
5,7,2,62
7,8,7,100
9,9,8,100
4,9,1,66
9,9,8,100
9,8,3,100
4,8,7,90
3,6,4,83
2,9,5,62
9,7,3,100
2,8,4,68
6,7,0,71
5,5,2,60
5,9,3,84
4,8,0,69
6,8,2,65
5,6,3,59
4,7,8,99
9,6,2,100
6,6,2,90
3,7,3,51
6,5,8,100
1,7,8,91
5,5,0,71
6,6,7,97
8,5,9,100
9,9,0,87
3,5,1,56
2,5,9,62
4,8,4,86
8,8,5,100
8,6,1,100
3,7,9,96
4,5,4,65
3,9,2,54
2,8,6,86
4,7,0,70
6,9,4,82
5,5,2,63
3,7,1,50
2,9,2,66
9,4,9,100
1,9,3,63
9,9,1,84
1,5,1,48
7,7,2,69
6,5,1,79
7,5,5,86
3,4,1,50
3,9,0,75
1,7,7,85
4,6,9,88
2,8,3,67
8,5,1,66
3,5,3,56
7,5,1,87
7,5,4,81
9,8,6,100
6,6,5,94
1,4,1,40
8,6,3,86
1,8,7,70
3,7,6,80
5,4,6,70
8,4,3,99
9,7,0,84
7,9,6,100
9,5,5,100
3,8,7,83
5,7,4,95
8,6,7,100
1,6,9,72
8,9,7,100
7,7,8,100
1,8,0,58
6,9,2,100
1,9,5,73
2,9,3,71
5,4,7,89
2,4,9,94
1,5,0,38
6,8,4,95
8,6,3,79
8,6,0,75
8,5,9,100
6,6,5,98
3,9,9,91
1,5,2,46
2,5,4,48
5,7,5,85
5,4,3,78
1,8,9,74
1,8,9,67
9,4,5,97
2,9,6,71
7,8,1,88
4,6,6,62
7,6,6,74
8,8,1,100
5,7,2,100
1,8,2,53
4,5,0,54
3,9,0,47
5,5,9,84
6,4,5,75
2,9,8,72
7,9,8,100
3,6,0,67
1,9,6,61
3,7,5,79
9,8,3,100
6,5,2,77
6,6,8,100
4,6,9,73
8,7,4,93
5,7,7,73
7,7,3,99
9,7,3,96
5,5,5,74
5,7,5,79
4,6,2,67
6,6,1,79
2,9,8,82
3,8,1,56
1,6,8,68
2,6,7,86
2,5,9,69
8,9,6,100
8,6,4,94
2,4,2,71
6,6,1,66
5,8,7,100
3,8,1,61
5,9,7,83
5,9,4,100
5,7,8,76
3,5,3,66
3,8,7,69
4,4,6,76
7,4,7,81
2,7,4,73
4,5,1,62
4,5,6,79
1,9,2,66
8,6,9,100
1,4,9,68
8,4,9,100
7,4,9,98
9,4,1,87
8,8,2,92
5,5,3,66
8,6,9,100
3,8,6,82
7,5,9,97
4,7,0,82
5,4,5,83
9,6,5,93
7,5,7,94
4,7,1,74
6,4,1,83
7,7,0,82
9,7,2,99
4,8,6,73
3,7,7,82
8,8,6,100
1,9,8,70
9,8,7,100
1,7,7,69
2,5,1,51
8,7,0,79
9,7,5,100
7,5,6,96
3,4,5,62
7,6,6,100
6,9,7,100
2,4,1,60
3,7,0,69
5,4,9,78
4,6,7,82
2,4,7,62
4,6,7,85
8,4,9,100
5,8,6,99
5,7,1,73
3,6,3,64
8,9,8,99
6,7,7,94
2,8,3,83
2,4,7,61
9,7,9,100
7,4,5,78
9,4,8,100
6,7,0,65
5,6,5,78
1,6,3,57
6,7,2,91
6,6,4,75
3,5,9,93
3,4,7,73
3,7,9,86
3,9,5,63
7,8,0,85
2,7,5,58
2,7,6,61
3,4,5,69
7,8,2,100
3,4,8,79
7,9,9,100
9,6,9,100
4,7,3,89
7,4,4,86
9,9,4,100
8,9,2,100
8,5,1,74
9,7,7,100
5,9,6,97
5,6,4,75
3,4,0,35
5,4,9,86
8,5,0,75
5,6,7,100
4,9,3,91
8,5,3,79
7,9,8,100
6,9,1,86
5,7,4,80
5,8,5,73
2,9,5,82
4,4,9,86
8,9,2,84
8,5,9,100
1,9,5,65
2,4,9,65
5,4,9,91
9,5,4,100
7,4,7,89
5,6,3,78
1,6,9,64
6,8,9,100
8,6,2,97
7,5,5,99
2,9,9,73
5,6,8,87
4,8,7,93
9,7,9,100
1,7,7,53
6,5,2,64
3,8,0,73
9,6,2,88
5,8,2,76
6,4,5,84
9,8,2,100
9,6,1,91
8,5,8,100
9,4,5,95
4,8,4,72
6,7,2,86
5,6,6,70
5,5,6,76
4,9,3,86
2,6,9,91
6,8,1,83
9,5,1,100
1,7,7,73
7,4,3,66
6,8,6,98
3,5,2,57
1,4,8,71
4,5,9,80
9,9,8,100
2,8,6,77
3,5,6,77
2,7,0,77
2,5,9,87
8,8,7,89
3,5,1,62
7,4,7,100
8,4,1,77
3,9,0,62
2,6,7,59
8,9,3,100
3,6,9,85
7,7,5,100
1,4,9,66
6,6,9,96
9,5,0,81
3,7,8,85
7,8,6,95
6,6,4,78
8,9,5,98
3,6,2,57
3,9,8,79
4,9,1,77
3,4,9,82
9,7,0,77
4,9,0,69
6,4,9,97
8,4,1,68
8,9,5,98
5,7,5,97
5,5,8,98
6,6,9,87
7,4,3,83
7,6,7,98
4,7,3,55
6,5,2,68
7,8,3,91
5,5,0,53
5,7,8,84
2,5,4,53
7,8,6,88
6,4,2,76
1,5,4,52
4,9,9,100
3,9,3,66
3,7,6,82
7,5,4,96
4,8,1,73
8,7,2,73
9,5,7,100
3,7,2,35
5,9,6,100
4,8,4,80
6,4,6,87
4,8,9,89
8,4,8,100
3,6,6,60
5,9,5,83
1,9,0,59
6,9,3,100
5,8,7,90
8,4,0,76
9,6,5,100
8,6,1,67
8,6,8,98
3,7,7,65
4,8,8,68
4,8,8,96
5,9,1,76
9,8,1,100
9,8,8,97
1,7,1,60
8,8,3,100
1,4,1,43
2,6,0,38
7,7,9,94
8,7,6,100
1,9,4,62
3,8,2,74
7,6,7,100
9,4,4,84
8,6,0,82
8,5,8,96
9,6,4,94
3,4,2,71
8,4,5,78
1,4,7,65
8,7,1,82
7,7,2,85
8,5,6,98
1,6,1,72
6,8,4,80
7,9,8,100
5,5,6,89
5,8,2,58
7,8,1,75
3,5,9,69
6,6,8,100
7,9,8,100
1,8,8,72
2,7,9,68
4,7,2,56
8,5,0,100
6,9,8,95
1,9,6,75
5,8,1,62
7,5,5,99
6,9,8,97
9,9,7,100
8,7,5,100
4,5,5,97
5,8,7,89
7,8,8,100
8,7,7,100
5,4,0,53
9,4,1,90
4,9,5,80
4,6,7,66
8,7,3,86
1,6,3,53
8,9,1,86
5,7,9,100
1,8,0,64
4,7,9,99
2,5,8,65
4,6,6,84
8,7,8,100
5,6,1,63
1,9,9,82
7,7,4,100
1,4,1,45
9,6,9,100
3,8,6,69
3,8,8,93
6,7,2,77
6,8,0,74
6,8,3,79
1,6,3,48
5,7,5,64
6,6,4,85
8,7,4,78
1,8,8,74
5,7,0,71
3,9,7,83
2,7,7,69
8,5,7,100
7,7,2,96
7,5,9,100
5,6,7,90
9,5,1,99
5,6,7,92
2,7,7,59
3,6,2,68
4,8,3,59
5,9,8,83
3,7,8,77
7,5,9,94
5,9,8,87
5,4,9,100
6,9,5,75
7,7,0,75
8,9,7,100
9,9,8,100
4,8,7,95
5,6,0,69
5,9,5,79
8,5,8,100
9,5,8,100
7,8,6,100
5,9,6,91
3,9,3,75
1,8,6,60
9,7,9,100
5,4,4,73
9,4,9,100
4,6,4,81
5,5,0,74
4,7,1,68
2,5,8,76
1,7,1,47
8,8,9,100
4,6,1,45
5,8,8,99
6,5,2,86
8,6,1,64
8,9,6,100
7,7,8,100
4,7,5,88
6,6,6,82
4,8,2,93
7,6,2,86
1,8,7,68
5,6,6,72
4,8,4,78
7,4,5,88
9,6,8,100
5,8,2,74
4,9,2,86
9,5,5,94
5,5,7,75
9,6,4,100
8,6,0,96
4,7,2,68
7,8,7,99
5,6,3,96
4,5,8,88
5,5,5,96
5,5,9,91
9,8,3,99
9,4,3,80
6,6,9,99
4,4,4,76
2,8,6,94
3,9,6,87
2,6,9,92
5,7,6,90
6,6,4,93
5,6,8,84
2,6,1,81
5,6,7,88
9,9,9,100
4,6,7,78
2,8,2,65
3,6,4,72
3,9,7,64
9,8,9,100
4,6,8,86
1,6,6,75
1,8,3,58
7,6,3,94
7,9,2,100
2,5,7,76
9,6,5,100
9,7,9,100
5,8,5,85
3,9,9,94
3,6,9,98
3,6,8,87
6,8,2,74
4,4,3,81
8,9,2,95
5,9,2,72
1,5,0,55
9,5,9,100
1,6,5,54
6,8,8,85
1,7,4,44
3,6,9,63
5,5,1,67
7,6,9,100
8,8,3,91
9,9,5,100
6,9,6,89
9,9,6,100
8,9,3,96
9,7,9,100
4,4,9,85
9,7,4,97
7,6,3,87
5,5,9,93
5,8,5,100
1,6,6,64
2,4,1,44
3,8,9,99
8,8,2,81
6,8,7,95
5,6,6,92
1,4,0,60
9,6,3,96
3,8,4,69
3,8,2,57
2,5,3,77
4,7,9,100
2,6,9,72
9,4,9,94
7,8,6,100
8,6,7,93
3,7,8,74
6,6,1,68
6,7,3,100
1,6,0,51
6,5,2,80
3,6,7,83
3,9,6,80
3,5,7,96
8,7,5,100
5,8,4,88
4,8,9,99
9,6,8,100
9,4,4,94
1,6,8,78
2,5,3,64
8,5,4,90
5,7,0,66
7,6,5,80
1,7,2,57
5,4,9,91
3,8,1,64
2,8,5,86
2,6,0,37
9,7,8,100
4,7,4,95
4,4,6,99
7,7,9,100
2,9,8,83
3,9,8,86
3,5,6,71
6,9,3,97
3,9,3,54
5,5,6,74
4,9,7,82
3,9,6,78
8,5,9,100
3,6,3,49
6,5,3,68
7,5,7,100
7,9,8,100
2,8,6,75
3,9,2,59
4,6,9,87
7,5,0,93
2,4,4,66
3,5,5,81
7,6,8,91
7,7,4,100
3,9,0,48
1,8,3,95
3,8,1,66
5,9,3,94
7,9,6,100
4,6,8,95
1,5,2,47
6,4,2,92
2,5,3,66
3,5,6,59
4,4,5,76
6,8,4,96
6,5,3,81
7,7,7,100
5,7,3,84
7,6,2,94
2,6,6,58
1,4,1,46
8,4,3,95
1,6,7,72
2,9,3,55
6,5,9,88
1,9,6,59
3,8,1,73
7,7,4,84
8,4,3,88
4,6,8,81
3,7,6,77
1,9,8,69
9,4,9,100
6,4,6,61
6,5,1,71
9,4,1,75
1,8,1,59
6,4,4,77
5,8,0,53
6,9,6,100
8,5,1,89
5,8,3,76
2,9,8,84
2,7,7,75
5,4,9,100
3,6,1,52
3,6,3,80
8,8,3,93
7,5,1,80
1,8,1,49
5,9,4,82
9,9,3,90
4,8,7,73
1,8,3,49
8,7,7,99
5,9,4,85
2,7,0,53
1,8,8,69
3,5,7,81
9,4,0,84
1,9,2,54
4,6,2,58
8,7,4,93
8,9,6,100
8,4,0,72
8,7,0,91
4,9,9,77
8,7,5,100
9,7,4,100
7,8,2,100
2,8,2,45
9,7,3,100
8,7,9,100
5,6,1,69
3,4,8,75
7,4,3,90
2,5,9,86
3,5,2,66
9,5,9,100
4,8,6,71
4,8,8,79
3,6,1,62
5,8,5,80
3,5,4,63
9,9,0,91
3,7,6,92
2,5,0,72
5,6,9,100
6,7,8,93
1,8,3,56
6,7,7,100
3,9,0,59
4,6,4,88
6,8,2,79
8,4,3,95
9,5,3,90
6,9,7,89
7,9,9,100
5,5,9,88
9,6,2,93
4,6,0,51
6,9,4,82
5,5,1,75
1,7,5,62
5,4,3,68
5,4,8,100
9,6,6,100
1,6,1,59
5,7,6,82
7,6,9,100
6,4,7,95
6,5,2,80
7,9,2,97
6,4,1,63
5,7,0,71
5,5,2,50
9,5,9,100
8,9,6,100
4,4,8,71
4,5,8,84
5,5,5,77
3,6,5,73
8,5,4,99
7,7,1,88
5,5,6,83
3,6,0,52
5,8,5,87
3,8,3,81
5,7,2,71
1,9,0,57
6,9,5,76
4,7,6,77
4,5,0,57
8,5,0,75
2,8,6,68
4,8,5,93
2,4,6,61
1,8,7,78
3,8,7,76
8,7,8,100
6,4,8,72
7,9,6,93
2,4,8,76
6,5,5,82
8,5,8,98
8,4,1,96
4,4,1,66
6,5,5,97
5,7,2,60
9,7,1,83
8,7,7,92
2,7,6,50
7,5,7,86
7,6,5,79
1,8,8,76
1,8,8,76
4,8,1,75
5,8,9,90
4,5,4,82
7,6,8,94
3,5,2,65
7,6,4,100
8,5,7,92
6,4,1,83
6,6,5,82
8,8,3,91
8,6,5,100
7,9,2,77
6,7,5,81
6,6,6,87
6,9,9,100
8,7,2,92
1,9,4,67
5,7,7,92
3,4,1,79
8,6,6,100
6,9,0,67
2,4,6,50
7,8,0,77
7,6,3,95
5,5,3,68
8,5,4,95
5,5,1,62
1,9,5,55
9,9,5,100
4,7,7,71
2,5,9,78
4,8,0,70
9,9,3,100
2,6,1,52
4,9,7,78
2,6,3,76
5,9,7,100
3,7,1,72
2,7,3,65
9,7,8,100
5,8,4,69
5,9,5,70
1,6,9,74
6,9,8,100
7,4,8,100
1,7,6,79
9,5,1,89
8,4,6,94
8,4,8,98
7,7,1,75
5,5,6,84
3,7,6,89
9,7,2,80
7,5,5,84
8,4,7,100
6,4,9,100
5,9,7,87
8,5,2,91
3,4,5,56
7,8,1,95
2,7,1,45
3,8,7,85
2,8,9,89
5,9,4,91
7,9,4,96
1,9,3,58
9,8,9,100
1,6,3,68
1,6,7,62
8,8,2,70
6,7,2,71
6,8,7,89
9,8,2,100
4,9,1,72
8,9,4,100
4,9,2,67
2,6,5,71
8,8,6,91
7,7,2,97
4,7,8,94
9,9,9,100
9,9,0,97
8,8,6,100
1,7,3,62
7,8,6,100
5,6,8,75
7,8,8,100
9,9,0,81
2,4,9,69
4,6,3,72
4,7,6,81
2,7,9,62
3,9,5,97
8,9,8,100
9,6,6,100
6,9,2,100
2,4,6,69
2,6,9,83
7,9,4,95
8,5,1,83
8,4,9,99
6,6,2,77
8,5,5,96
1,8,5,63
9,4,6,90
1,8,5,52
3,5,8,64
9,7,4,92
5,7,4,89
9,9,7,100
9,7,7,100
6,8,0,80
1,4,2,39
7,8,5,99
6,8,5,92
9,7,0,72
7,8,1,92
